"trtid10","county","pop00","pop6a","hu00","hu6a"
6001400100,"Alameda County",2497.3837890625,3018,1176.70959472656,1349
6001400200,"Alameda County",1909.41796875,1960,872.733947753906,845
6001400300,"Alameda County",4878.58203125,5236,2567.26611328125,2555
6001400400,"Alameda County",3659,4171,1880,1871
6001400500,"Alameda County",3410,3748,1592,1693
6001400600,"Alameda County",1707,1661,746,748
6001400700,"Alameda County",4451,4552,1901,1936
6001400800,"Alameda County",3368,3506,1420,1769
6001400900,"Alameda County",2456,2262,1116,1141
6001401000,"Alameda County",5590.94384765625,6193,2423.81958007812,2729
6001401100,"Alameda County",4007,4138,2039,2079
6001401200,"Alameda County",2432,2614,1237,1254
6001401300,"Alameda County",2810,3976,1454,1809
6001401400,"Alameda County",4765,4108,1681,1727
6001401500,"Alameda County",2413,2605,1026,1193
6001401600,"Alameda County",1933,2173,668,865
6001401700,"Alameda County",1878,2679,645,1299
6001401800,"Alameda County",1953,1866,754,782
6001402200,"Alameda County",2559.15380859375,2406,885.904541015625,962
6001402400,"Alameda County",2600.34106445312,2773,1145.52172851562,1199
6001402500,"Alameda County",1779,1833,711,777
6001402600,"Alameda County",977,1272,506,673
6001402700,"Alameda County",1944.75939941406,1734,716.359130859375,745
6001402800,"Alameda County",1898.8994140625,3798,1348.119140625,2481
6001402900,"Alameda County",1291,1392,921,891
6001403000,"Alameda County",2734,3167,1551,1760
6001403100,"Alameda County",1647,1721,480,723
6001403300,"Alameda County",2310,4159,957,2310
6001403400,"Alameda County",3697,4360,2518,2999
6001403501,"Alameda County",4292.7490234375,4435,2570.50854492188,2815
6001403502,"Alameda County",2053.2509765625,2081,1229.49169921875,1272
6001403600,"Alameda County",4400,4751,2671,2620
6001403701,"Alameda County",2796,2755,1981.60192871094,1766
6001403702,"Alameda County",1900.96276855469,2027,1338.55053710938,1183
6001403800,"Alameda County",3453.3046875,3323,1945.15246582031,1859
6001403900,"Alameda County",3794,3938,2257,2244
6001404000,"Alameda County",2885,2932,1832,1769
6001404101,"Alameda County",2949.78686523438,3187,1916.02624511719,1757
6001404102,"Alameda County",2400.74096679688,2438,1562.70825195312,1613
6001404200,"Alameda County",3176,3650,1374,1395
6001404300,"Alameda County",3089,3329,1336,1328
6001404400,"Alameda County",4699,5404,2163,2368
6001404501,"Alameda County",1575,1836,685,693
6001404502,"Alameda County",5493,5403,2412,2339
6001404600,"Alameda County",4296,4347,1782,1820
6001404700,"Alameda County",1927,2166,809,808
6001404800,"Alameda County",2683,2784,1272,1289
6001404900,"Alameda County",4356,3995,2023,2020
6001405000,"Alameda County",3200.77368164062,3248,1602.38488769531,1597
6001405100,"Alameda County",4161,4265,1614,1604
6001405200,"Alameda County",4948.958984375,5099,2548.31005859375,2534
6001405301,"Alameda County",2943,2899,1590.47021484375,1634
6001405302,"Alameda County",2895,2616,1564.52978515625,1533
6001405401,"Alameda County",4759,4087,1652.39111328125,1787
6001405402,"Alameda County",3622,3239,1257.60888671875,1244
6001405500,"Alameda County",4147,4104,1623,1699
6001405600,"Alameda County",3734,3148,1484,1470
6001405700,"Alameda County",3782.14453125,3701,1403.14282226562,1474
6001405800,"Alameda County",4751.85546875,4237,1349.85717773438,1400
6001405901,"Alameda County",4602.60888671875,4293,1244.80053710938,1191
6001405902,"Alameda County",3280.39086914062,3170,887.199462890625,990
6001406000,"Alameda County",3654.94311523438,3447,1388.97839355469,1558
6001406100,"Alameda County",4301.056640625,4835,1271.02160644531,1636
6001406201,"Alameda County",5802,4296,1475,1480
6001406202,"Alameda County",5084,4674,1250,1402
6001406300,"Alameda County",4410,4148,1244,1265
6001406400,"Alameda County",2276,2218,713,769
6001406500,"Alameda County",6253,6574,1934,2090
6001406601,"Alameda County",4968,4835,1719.86376953125,1847
6001406602,"Alameda County",2837,2767,982.136352539062,992
6001406700,"Alameda County",5224,4969,2208,2321
6001406800,"Alameda County",3611,3483,1411,1422
6001406900,"Alameda County",3695,3989,1504,1550
6001407000,"Alameda County",6652,5902,2170,2144
6001407101,"Alameda County",3619,3538,1043.44372558594,1098
6001407102,"Alameda County",4757,4296,1371.55627441406,1422
6001407200,"Alameda County",7039,6616,1823,1971
6001407300,"Alameda County",2516,2501,731,803
6001407400,"Alameda County",4157,4452,1160,1222
6001407500,"Alameda County",4388,4201,1307,1407
6001407600,"Alameda County",6681,6398,2199,2288
6001407700,"Alameda County",4599,4323,1815,1843
6001407800,"Alameda County",2453,2719,806,820
6001407900,"Alameda County",2788,3077,1153,1149
6001408000,"Alameda County",2404,2739,928,1062
6001408100,"Alameda County",5763,6266,2437.47998046875,2818
6001408200,"Alameda County",4388,4162,1771,1877
6001408300,"Alameda County",4799,4939,1787,1838
6001408400,"Alameda County",3782,3129,1265,1258
6001408500,"Alameda County",5305.14208984375,5747,1632.43151855469,1753
6001408600,"Alameda County",5232,6292,1705,1957
6001408700,"Alameda County",7504,7758,2412,2590
6001408800,"Alameda County",5174,6348,1544,2076
6001408900,"Alameda County",3340.85791015625,3105,1033.56848144531,1106
6001409000,"Alameda County",3327,3752,989,1106
6001409100,"Alameda County",2163,2414,648,703
6001409200,"Alameda County",3168.81762695312,3583,894.248596191406,986
6001409300,"Alameda County",5470.9365234375,4986,1530.10888671875,1624
6001409400,"Alameda County",4455,4888,1121,1345
6001409500,"Alameda County",3555,4348,959,1179
6001409600,"Alameda County",5235,4843,1549,1606
6001409700,"Alameda County",5208,5493,1612,1782
6001409800,"Alameda County",3250,3220,1217,1360
6001409900,"Alameda County",3499,3449,1443,1437
6001410000,"Alameda County",2845.33959960938,3224,1156.73266601562,1202
6001410100,"Alameda County",2784,2734,977,1091
6001410200,"Alameda County",3550,3374,1174,1216
6001410300,"Alameda County",3728,3534,1030,1063
6001410400,"Alameda County",3366,4501,1090,1409
6001410500,"Alameda County",1614,2303,894,988
6001420100,"Alameda County",2339,2432,943,914
6001420200,"Alameda County",2672,3334,1266,1298
6001420300,"Alameda County",4386,4690,2106,2081
6001420400,"Alameda County",1721,3301,679,1225
6001420500,"Alameda County",2152,2502,961,992
6001420600,"Alameda County",3174,3161,1293,1315
6001421100,"Alameda County",2013,2123,852,891
6001421200,"Alameda County",3647.0537109375,3643,1475.21264648438,1548
6001421300,"Alameda County",3828,3942,1703,1763
6001421400,"Alameda County",1628.94641113281,1690,677.787353515625,703
6001421500,"Alameda County",3721,3827,1631,1678
6001421600,"Alameda County",3554.81689453125,3510,1694.91271972656,1715
6001421700,"Alameda County",3076,3611,1649,1683
6001421800,"Alameda County",2047,2130,927,950
6001421900,"Alameda County",3682,3878,1784,1828
6001422000,"Alameda County",1333,2069,634,962
6001422100,"Alameda County",2630,2605,1155,1311
6001422200,"Alameda County",3259,3560,1625,1666
6001422300,"Alameda County",3238,3853,1671,1939
6001422400,"Alameda County",3556,4185,2130,2316
6001422500,"Alameda County",3733,4135,1733,1635
6001422700,"Alameda County",3788,4895,1155,1176
6001422800,"Alameda County",5475,8648,1606,1520
6001422900,"Alameda County",2416,5024,1527,2104
6001423000,"Alameda County",4423,4341,2152,2201
6001423100,"Alameda County",3832,4307,1879,2092
6001423200,"Alameda County",2939,2932,1172,1220
6001423300,"Alameda County",3468,4129,1580,1803
6001423400,"Alameda County",4653,5242,2096,2225
6001423500,"Alameda County",2967,3262,1422,1547
6001423601,"Alameda County",2700,2752,1308,1280
6001423602,"Alameda County",5047,5455,2639,2547
6001423700,"Alameda County",2912,4110,1465,1463
6001423800,"Alameda County",3120,3067,1389,1332
6001423901,"Alameda County",1942,1938,890,932
6001423902,"Alameda County",1553,1564,794,785
6001424001,"Alameda County",3875,4267,1578,1674
6001424002,"Alameda County",1998,2451,847,1042
6001425101,"Alameda County",1650,1610,1024.71667480469,1248
6001425102,"Alameda County",1947.00012207031,3080,1209.16564941406,1942
6001425103,"Alameda County",796,3060,494.34814453125,1534
6001425104,"Alameda County",2607.05615234375,3361,1596.94995117188,2058
6001426100,"Alameda County",6126,6293,2170,2226
6001426200,"Alameda County",4812.47216796875,4908,1684.265625,1750
6001427100,"Alameda County",3497,3559,1450,1471
6001427200,"Alameda County",4221,4212,1725,1694
6001427300,"Alameda County",4760,5418,2139,2100
6001427600,"Alameda County",5079,5757,1765,1878
6001427700,"Alameda County",5130,5113,2532,2424
6001427800,"Alameda County",4715,4808,2133,2162
6001427900,"Alameda County",4658,5178,2254,2273
6001428000,"Alameda County",2901,3022,1406,1452
6001428100,"Alameda County",4490,4837,2066,2034
6001428200,"Alameda County",6132,6339,2754,2812
6001428301,"Alameda County",6247,6977,2503,2583
6001428302,"Alameda County",7451,7204,2714,2770
6001428400,"Alameda County",4496,4407,2020,1968
6001428500,"Alameda County",3298,3148,1559,1566
6001428600,"Alameda County",3387,3227,1632,1665
6001428700,"Alameda County",1797,4203,992,1497
6001430101,"Alameda County",5871.39208984375,7030,2080.12622070312,2323
6001430102,"Alameda County",2459.60766601562,2224,871.393798828125,907
6001430200,"Alameda County",7070.53466796875,6701,2455.78198242188,2506
6001430300,"Alameda County",3649,3827,1329,1358
6001430400,"Alameda County",2086.96801757812,2101,767.988220214844,770
6001430500,"Alameda County",6005.263671875,6005,2118.91748046875,2175
6001430600,"Alameda County",5696.73583984375,6031,2123.08251953125,2224
6001430700,"Alameda County",3713.38696289062,4066,1409.76733398438,1371
6001430800,"Alameda County",5180.8408203125,6126,2180.60009765625,2233
6001430900,"Alameda County",4665.21240234375,4940,1945.25451660156,1917
6001431000,"Alameda County",2582.02490234375,2842,1218.59594726562,1243
6001431100,"Alameda County",3137,3397,1345,1395
6001431200,"Alameda County",5988,5763,2694,2599
6001432100,"Alameda County",3606.77294921875,3683,1464.90783691406,1508
6001432200,"Alameda County",3939,4235,1673,1796
6001432300,"Alameda County",3303.24609375,4697,1371.9423828125,1758
6001432400,"Alameda County",5411,6214,1844,1923
6001432501,"Alameda County",4436.00048828125,4760,1476.11022949219,1527
6001432502,"Alameda County",4182,4897,1391.58996582031,1522
6001432600,"Alameda County",6401,7356,2897,3165
6001432700,"Alameda County",2408,2870,1075,1096
6001432800,"Alameda County",3634.82373046875,3534,1493.47094726562,1496
6001433000,"Alameda County",3395.095703125,3717,1479.90051269531,1483
6001433102,"Alameda County",3683,4088,1365,1383
6001433103,"Alameda County",3322,3737,1568.16076660156,1599
6001433104,"Alameda County",3745,4079,1767.83935546875,1966
6001433200,"Alameda County",6562,7529,2770,2896
6001433300,"Alameda County",6635,7502,2223,2292
6001433400,"Alameda County",6014,6512,2321,2413
6001433500,"Alameda County",4092,4884,1435,1430
6001433600,"Alameda County",5901,5661,2194,2241
6001433700,"Alameda County",2849,3281,1042,1083
6001433800,"Alameda County",7100,8561,2484,2689
6001433900,"Alameda County",6301,7580,2223,2474
6001434000,"Alameda County",4616,5201,1648,1867
6001435102,"Alameda County",5031,5800,1745,1630
6001435103,"Alameda County",4973.021484375,6699,1816.87561035156,2251
6001435104,"Alameda County",5605.978515625,5791,2048.12426757812,2055
6001435200,"Alameda County",4198,4555,1386,1490
6001435300,"Alameda County",4707,4467,1705,1700
6001435400,"Alameda County",4365.04638671875,4420,1916.01733398438,2081
6001435500,"Alameda County",3694,3674,1521,1502
6001435601,"Alameda County",4667,5801,1588.17163085938,1667
6001435602,"Alameda County",4857,5539,1652.82824707031,1728
6001435700,"Alameda County",4181,4663,1517,1385
6001435800,"Alameda County",5034,5321,1667,1712
6001435900,"Alameda County",4817,5511,1695,1712
6001436000,"Alameda County",4252,4369,1453,1484
6001436100,"Alameda County",4873,6057,1759,1839
6001436200,"Alameda County",3330,4369,1100,1316
6001436300,"Alameda County",6378,7980,1948,2680
6001436401,"Alameda County",7145,7881,2929,3066
6001436402,"Alameda County",2844,2875,1060,1059
6001436500,"Alameda County",4796.95361328125,4955,1786.98266601562,1784
6001436601,"Alameda County",6424,6466,1930,1877
6001436602,"Alameda County",4344,5234,1584,1696
6001436700,"Alameda County",2989,3184,980,1080
6001436800,"Alameda County",3790,4234,1361,1338
6001436900,"Alameda County",6868,6502,1902,1871
6001437000,"Alameda County",3430,3447,1273,1242
6001437101,"Alameda County",4200,6866,1315.23901367188,1973
6001437102,"Alameda County",4521,4458,1415.76086425781,1450
6001437200,"Alameda County",6239,7632,2209,2341
6001437300,"Alameda County",3270,3293,961,915
6001437400,"Alameda County",3357,3301,953,921
6001437500,"Alameda County",4872,4690,1215,1177
6001437600,"Alameda County",3184,3664,939,926
6001437701,"Alameda County",4228,3910,1060.95166015625,1083
6001437702,"Alameda County",4599,4880,1154.04833984375,1094
6001437800,"Alameda County",4118,4429,1242,1373
6001437900,"Alameda County",2276,2399,697,669
6001438000,"Alameda County",3021,3743,1079,1108
6001438100,"Alameda County",7109,7748,2128,2159
6001438201,"Alameda County",4469,4902,1207,1232
6001438203,"Alameda County",3716,4329,1288.70812988281,1251
6001438204,"Alameda County",5096,5261,1767.29187011719,1898
6001438300,"Alameda County",3759,4102,930,895
6001438400,"Alameda County",2254,2509,737,719
6001440100,"Alameda County",2283,2363,727,1139
6001440200,"Alameda County",6346,6265,1428,1509
6001440301,"Alameda County",7001,6987,2136,2170
6001440304,"Alameda County",5022,4964,1321,1312
6001440305,"Alameda County",4321,4147,1036,1032
6001440306,"Alameda County",4195,4131,1023,1055
6001440307,"Alameda County",4333,4277,1592,1634
6001440308,"Alameda County",6001,5988,1893,2057
6001440331,"Alameda County",3346,3517,893,938
6001440333,"Alameda County",3045,2992,778.458068847656,839
6001440334,"Alameda County",4387,4360,1121.5419921875,1087
6001440335,"Alameda County",2171,6949,709.005432128906,2366
6001440336,"Alameda County",4838,5350,1579.99462890625,1483
6001441100,"Alameda County",4167,4179,1484,1636
6001441200,"Alameda County",6442,7316,2533,2656
6001441301,"Alameda County",2721,3224,1146,1212
6001441302,"Alameda County",5622,5789,1857,1863
6001441401,"Alameda County",7125.72265625,7484,2346.46362304688,2382
6001441402,"Alameda County",5221.27734375,5295,1686.53637695312,1750
6001441501,"Alameda County",5273,6445,1401,1781
6001441503,"Alameda County",3198.00024414062,6566,1126.10656738281,2066
6001441521,"Alameda County",6100,6177,1801,1865
6001441522,"Alameda County",4996,5356,1424,1502
6001441523,"Alameda County",3798.00024414062,4267,1337.38354492188,1447
6001441524,"Alameda County",3787,4349,1333.51013183594,1390
6001441601,"Alameda County",4484,4848,1450,1455
6001441602,"Alameda County",6908,7907,2222,2363
6001441700,"Alameda County",6493,7270,2405,2851
6001441800,"Alameda County",6641.091796875,7305,2343.32666015625,2446
6001441921,"Alameda County",2982,3917,921,1325
6001441923,"Alameda County",5247,6313,2198,2442
6001441924,"Alameda County",6731.908203125,7782,2912.41625976562,2725
6001441925,"Alameda County",4755,6694,2057.2568359375,2970
6001441926,"Alameda County",3976.00024414062,4613,1556.55102539062,1493
6001441927,"Alameda County",3894,4528,1524.44909667969,1899
6001442000,"Alameda County",3357,3328,994,1051
6001442100,"Alameda County",5079,5242,1598,1721
6001442200,"Alameda County",6482,7241,2131,2201
6001442301,"Alameda County",4064.99975585938,4878,1516.67700195312,1564
6001442302,"Alameda County",3922,5772,1463.32287597656,2230
6001442400,"Alameda County",5953,6475,1857,2010
6001442500,"Alameda County",7186,7541,2236,2268
6001442601,"Alameda County",3537,4012,1224.34619140625,1309
6001442602,"Alameda County",5095,5051,1763.65380859375,1771
6001442700,"Alameda County",2877,3227,1071,1069
6001442800,"Alameda County",2962,3051,944,967
6001442900,"Alameda County",7149,8069,2394,2406
6001443001,"Alameda County",2987,2906,815,833
6001443002,"Alameda County",6069,6589,1871,1980
6001443102,"Alameda County",4862,4786,1433,1538
6001443103,"Alameda County",3860.43481445312,4034,1049.1337890625,1279
6001443104,"Alameda County",4927,5481,1566.45739746094,1817
6001443105,"Alameda County",4402,4553,1399.54248046875,1496
6001443200,"Alameda County",3546.57006835938,3802,1090.86791992188,1205
6001443301,"Alameda County",3927.095703125,4173,1188.12133789062,1215
6001443321,"Alameda County",2976,3340,1104.28588867188,1258
6001443322,"Alameda County",2899,3204,1075.71398925781,949
6001444100,"Alameda County",7497,7555,2524,2547
6001444200,"Alameda County",6500,6740,1933,2029
6001444301,"Alameda County",3905,4177,1126.55310058594,1208
6001444302,"Alameda County",4227,4538,1219.44689941406,1311
6001444400,"Alameda County",5193,5057,1491,1549
6001444500,"Alameda County",6365,6850,1881,2102
6001444601,"Alameda County",4769,5397,1615.18383789062,1526
6001444602,"Alameda County",4015,4363,1359.81616210938,1660
6001450200,"Alameda County",4726,5903,2303,2501
6001450300,"Alameda County",4562,5081,1565,1749
6001450400,"Alameda County",5783,6164,1964,2132
6001450501,"Alameda County",3111.10229492188,3426,1178.18957519531,1307
6001450502,"Alameda County",4007.8974609375,5460,1517.81030273438,1828
6001450601,"Alameda County",3158.32299804688,3665,1221.09020996094,1420
6001450602,"Alameda County",7890,9773,3020,3523
6001450603,"Alameda County",4662,5054,1532,1656
6001450604,"Alameda County",4817,5397,1703,1870
6001450605,"Alameda County",3677,4004,1407,1490
6001450606,"Alameda County",6111,6092,1975,2107
6001450607,"Alameda County",3357,5239,1703,2449
6001450701,"Alameda County",6257.671875,8740,2052.908203125,2926
6001450741,"Alameda County",4596,5180,1763,1983
6001450742,"Alameda County",4427,4811,1778,1999
6001450743,"Alameda County",4382.4619140625,6112,1791.80004882812,2184
6001450744,"Alameda County",4943.5380859375,5356,2021.19995117188,1770
6001450745,"Alameda County",4604,6238,1737.92578125,2236
6001450746,"Alameda County",3052,3499,1152.07421875,1336
6001451101,"Alameda County",4613,7413,1691,2582
6001451201,"Alameda County",6542.1640625,7134,2532.29467773438,2712
6001451202,"Alameda County",3479.8359375,4296,1125.70520019531,1635
6001451300,"Alameda County",6743,7089,2376,2431
6001451401,"Alameda County",5601,6149,2141,2397
6001451403,"Alameda County",2278,2343,746.054077148438,805
6001451404,"Alameda County",6528,6318,2137.94604492188,2269
6001451501,"Alameda County",3126,4759,1317,1815
6001451503,"Alameda County",5731,5912,2103,2266
6001451504,"Alameda County",1521,1723,530.422424316406,637
6001451505,"Alameda County",3686.5107421875,3289,1285.60668945312,1196
6001451506,"Alameda County",2801.4892578125,3507,976.970825195312,1158
6001451601,"Alameda County",3614,5157,1437,1999
6001451602,"Alameda County",5938,7119,2399,2985
6001451701,"Alameda County",3075,3013,1065,1080
6001451703,"Alameda County",3273,4568,1158.17700195312,1371
6001451704,"Alameda County",4555,4647,1611.82287597656,1711
6013301000,"Contra Costa County",3355,4844,1897,2313
6013302005,"Contra Costa County",6021,6695,1879.68664550781,2451
6013302006,"Contra Costa County",4210,4101,1314.31335449219,1249
6013302007,"Contra Costa County",5213,6840,1623.25744628906,2101
6013302008,"Contra Costa County",3262,8352,1015.74255371094,2236
6013302009,"Contra Costa County",4018,7137,1198.10522460938,2046
6013302010,"Contra Costa County",6904.03173828125,11161,2059.57202148438,3328
6013303102,"Contra Costa County",2547,8901,779.618896484375,2605
6013303103,"Contra Costa County",5774,11879,1767.38098144531,3755
6013303201,"Contra Costa County",4651.8818359375,11455,1592.6796875,3224
6013303202,"Contra Costa County",4873,7137,1668.38464355469,2381
6013303203,"Contra Costa County",2926.1181640625,9445,1001.82446289062,2998
6013303204,"Contra Costa County",4219,4668,1444.47253417969,1614
6013303205,"Contra Costa County",4938,8431,1690.63879394531,3460
6013304002,"Contra Costa County",1383,1465,575.466247558594,505
6013304003,"Contra Costa County",3725,3892,1549.97241210938,1715
6013304004,"Contra Costa County",3890,3812,1618.62890625,1891
6013304005,"Contra Costa County",1827,7631,760.214660644531,2297
6013305000,"Contra Costa County",6480,6501,2400,2520
6013306002,"Contra Costa County",3191.9677734375,3055,1130.32275390625,1101
6013306003,"Contra Costa County",4741,5260,1768.44067382812,1850
6013306004,"Contra Costa County",3425,3369,1277.55944824219,1282
6013307101,"Contra Costa County",4442.8408203125,4604,1540.94470214844,1550
6013307102,"Contra Costa County",5018,5328,1826,1834
6013307201,"Contra Costa County",3029,3370,951,1189
6013307202,"Contra Costa County",4493,4369,1629,1636
6013307204,"Contra Costa County",4443,3960,1373,1378
6013307205,"Contra Costa County",7162,6913,2768,2738
6013308001,"Contra Costa County",7552.15966796875,6876,2525.05541992188,2535
6013308002,"Contra Costa County",4206,4430,1211,1489
6013309000,"Contra Costa County",2496,3508,1003,1299
6013310000,"Contra Costa County",4510,6533,1366,1822
6013311000,"Contra Costa County",4976,5354,1479,1553
6013312000,"Contra Costa County",2617,2373,814,834
6013313101,"Contra Costa County",7030,7137,2668,2806
6013313102,"Contra Costa County",3922,4015,1362,1511
6013313103,"Contra Costa County",5912,8228,2110,2721
6013313203,"Contra Costa County",3676.45922851562,3197,1162.09875488281,969
6013313204,"Contra Costa County",5339.376953125,5189,1687.95886230469,1790
6013313205,"Contra Costa County",1808.95947265625,1777,502.425720214844,522
6013313206,"Contra Costa County",6162.20458984375,5768,1711.51672363281,1690
6013314102,"Contra Costa County",5727,5580,1704,1734
6013314103,"Contra Costa County",5468,6154,1639,1833
6013314104,"Contra Costa County",7272,7817,2455,2475
6013314200,"Contra Costa County",6270,6971,1762,1837
6013315000,"Contra Costa County",3596,3502,1207,1240
6013316000,"Contra Costa County",1651,964,481,497
6013317000,"Contra Costa County",2085,2425,1080,1098
6013318000,"Contra Costa County",3499,3402,1656,1578
6013319000,"Contra Costa County",7655.13720703125,8160,3112.36743164062,3293
6013320001,"Contra Costa County",3225.86303710938,4247,1166.63256835938,1343
6013320003,"Contra Costa County",2654,2825,1088.38208007812,1074
6013320004,"Contra Costa County",5570.541015625,6562,2284.4296875,2671
6013321101,"Contra Costa County",6526,7325,2493,2612
6013321102,"Contra Costa County",6784.97265625,6827,2729.35717773438,2802
6013321103,"Contra Costa County",4734.1845703125,4325,1854.96838378906,1899
6013321200,"Contra Costa County",5249.45947265625,5460,2351.1884765625,2405
6013322000,"Contra Costa County",6333.02734375,6109,2557.64282226562,2554
6013323000,"Contra Costa County",4459,4690,1758,1739
6013324001,"Contra Costa County",4161,5460,2280.94677734375,3046
6013324002,"Contra Costa County",4868.99951171875,5363,2669.05297851562,2480
6013325000,"Contra Costa County",5417.23876953125,5736,2086.48388671875,2192
6013326000,"Contra Costa County",3316,3487,1296,1415
6013327000,"Contra Costa County",6885.9794921875,7738,2879.78930664062,2950
6013328000,"Contra Costa County",1683,2523,1041,1462
6013329000,"Contra Costa County",6645.0205078125,6687,2365.21069335938,2324
6013330000,"Contra Costa County",5679,5734,1982,1966
6013331000,"Contra Costa County",6770,7576,2653,2842
6013332000,"Contra Costa County",7672,8343,2799,2933
6013333101,"Contra Costa County",4050.2001953125,4360,1492.923828125,1522
6013333102,"Contra Costa County",3961.09838867188,3967,1460.08203125,1611
6013333200,"Contra Costa County",6115,5382,2232,2276
6013334001,"Contra Costa County",4092,3850,1437,1608
6013334004,"Contra Costa County",7516,7496,3055,3357
6013334006,"Contra Costa County",5215,4815,1732,1764
6013334200,"Contra Costa County",6831.5888671875,8012,2770.05053710938,2862
6013335000,"Contra Costa County",3486,3442,1275,1285
6013336101,"Contra Costa County",5185,5324,1617,1622
6013336102,"Contra Costa County",7200,7651,2671,2721
6013336201,"Contra Costa County",3598,3927,1140.58666992188,1257
6013336202,"Contra Costa County",5446,6054,1726.41333007812,1759
6013337100,"Contra Costa County",3142,3551,1123,1244
6013337200,"Contra Costa County",7208,8106,3123,3106
6013337300,"Contra Costa County",6206,5904,2267,2333
6013338101,"Contra Costa County",4566.6728515625,4782,1651.06567382812,1910
6013338102,"Contra Costa County",3786.32763671875,3616,1368.93444824219,1417
6013338201,"Contra Costa County",3881,3700,1427,1448
6013338203,"Contra Costa County",4349.5966796875,5189,2425.87963867188,2744
6013338204,"Contra Costa County",5585.40380859375,6213,3115.12060546875,2872
6013338301,"Contra Costa County",2976,2904,1051,1098
6013338302,"Contra Costa County",5832,6212,2127,2154
6013339001,"Contra Costa County",3105,3243,1780.38488769531,1977
6013339002,"Contra Costa County",5404,6966,3098.615234375,3659
6013340001,"Contra Costa County",5707.76123046875,5916,2499.51635742188,2456
6013340002,"Contra Costa County",7230,7478,3042,3055
6013341000,"Contra Costa County",4708.05322265625,5543,2050.6337890625,2148
6013343001,"Contra Costa County",4748,4803,2127,2171
6013343002,"Contra Costa County",4413.01318359375,4812,2052.00512695312,2100
6013343003,"Contra Costa County",3870.98681640625,3906,1484.99499511719,1533
6013345101,"Contra Costa County",5909,5794,2175,1965
6013345102,"Contra Costa County",4141,3698,1359,1217
6013345103,"Contra Costa County",5314.05419921875,4828,1921.80847167969,1764
6013345105,"Contra Costa County",6186.86962890625,6625,2127.955078125,2404
6013345108,"Contra Costa County",6542,7480,3096,3276
6013345111,"Contra Costa County",4661,5083,1953.38208007812,1922
6013345112,"Contra Costa County",3280,5945,1374.61779785156,2195
6013345113,"Contra Costa County",4432.615234375,4306,1629.54907226562,1468
6013345114,"Contra Costa County",6493.51513671875,6518,2387.1884765625,2638
6013345115,"Contra Costa County",4040.99975585938,5990,1325.20935058594,1946
6013345116,"Contra Costa County",3006,2852,985.79052734375,898
6013345202,"Contra Costa County",6382.91455078125,7880,2988.59985351562,3227
6013345203,"Contra Costa County",6427.18896484375,6821,2482.53442382812,2797
6013345204,"Contra Costa County",3597.25634765625,3933,1401.78332519531,1332
6013346101,"Contra Costa County",3612,3446,1311,1301
6013346102,"Contra Costa County",5532,5793,1869,2116
6013346201,"Contra Costa County",6925,7288,2452,2806
6013346203,"Contra Costa County",3878.56469726562,3846,1327.01538085938,1438
6013346204,"Contra Costa County",7210.435546875,7411,2466.98461914062,2605
6013347000,"Contra Costa County",6226.41357421875,6200,2264.98486328125,2468
6013348000,"Contra Costa County",4560.4013671875,4862,1673.04675292969,1792
6013349000,"Contra Costa County",4777,5518,1971,2076
6013350000,"Contra Costa County",5531,6475,2467,2698
6013351101,"Contra Costa County",2501.9404296875,2600,1966.6416015625,2063
6013351102,"Contra Costa County",3800.94653320312,3667,2988.6123046875,2992
6013351103,"Contra Costa County",1720.3544921875,1884,1350.56713867188,1364
6013351200,"Contra Costa County",6035,6003,2104,2201
6013352101,"Contra Costa County",3993.75610351562,3220,1025.57678222656,824
6013352102,"Contra Costa County",5186,5741,1854,1824
6013352201,"Contra Costa County",5738,6260,2320,2362
6013352202,"Contra Costa County",2270,2542,1000,1041
6013353001,"Contra Costa County",3578.0029296875,3697,1359.00146484375,1415
6013353002,"Contra Costa County",3980,4429,1495,1568
6013354001,"Contra Costa County",1844.79638671875,2064,711.376220703125,752
6013354002,"Contra Costa County",6510,6581,2574,2696
6013355107,"Contra Costa County",3983.18823242188,5001,1214.56494140625,1740
6013355108,"Contra Costa County",6675.662109375,13947,2023.7890625,3880
6013355109,"Contra Costa County",5935,7281,1807.72680664062,2218
6013355110,"Contra Costa County",4428,4091,1348.71350097656,1272
6013355111,"Contra Costa County",4874,6399,1484.5595703125,2048
6013355112,"Contra Costa County",5477,5289,1838.666015625,2168
6013355113,"Contra Costa County",5409.001953125,4980,1815.83862304688,1779
6013355114,"Contra Costa County",5283.16259765625,11402,1776.05126953125,3546
6013355200,"Contra Costa County",3842.7998046875,10235,1381.03210449219,2978
6013355301,"Contra Costa County",6550,8146,2323,2870
6013355302,"Contra Costa County",3659,3469,1204,1212
6013355304,"Contra Costa County",7618.048828125,8230,2925.60766601562,3233
6013355306,"Contra Costa County",5025.001953125,5229,1816.00061035156,1898
6013356001,"Contra Costa County",4045,4375,1199,1261
6013356002,"Contra Costa County",5849.49169921875,5257,2037.68041992188,2022
6013357000,"Contra Costa County",3100,3165,1564,1655
6013358000,"Contra Costa County",5199,5885,2007,2177
6013359102,"Contra Costa County",5212.5625,5834,1868.76770019531,2018
6013359103,"Contra Costa County",5297.00048828125,4907,2066.85131835938,2127
6013359104,"Contra Costa County",2245,1974,875.982788085938,936
6013359105,"Contra Costa County",2000.17529296875,4733,780.453979492188,1550
6013359202,"Contra Costa County",6437,5997,2234.06982421875,2354
6013359203,"Contra Costa County",6566.42431640625,7052,2174.18676757812,2291
6013359204,"Contra Costa County",5077.3876953125,4847,1438.09545898438,1487
6013360101,"Contra Costa County",4522.54345703125,4898,1576.49963378906,1778
6013360102,"Contra Costa County",4677.4560546875,4139,1630.50024414062,1549
6013360200,"Contra Costa County",4980,4714,1957,1908
6013361000,"Contra Costa County",4231.08154296875,4719,1595.3330078125,1883
6013362000,"Contra Costa County",2840.546875,2977,1182.72485351562,1268
6013363000,"Contra Costa County",6829.01025390625,7326,2607.00341796875,2897
6013364002,"Contra Costa County",5416.15234375,5490,1831.70446777344,1947
6013365002,"Contra Costa County",4077.71801757812,6262,1129.4423828125,1788
6013365003,"Contra Costa County",3739.83764648438,5001,1502.55578613281,2485
6013366001,"Contra Costa County",4632,4470,1312,1341
6013366002,"Contra Costa County",5856,6319,1640,1884
6013367100,"Contra Costa County",5335.947265625,5001,2087.3603515625,2059
6013367200,"Contra Costa County",4362.052734375,5365,1295.63977050781,1793
6013368001,"Contra Costa County",5734,5143,1476.54809570312,1428
6013368002,"Contra Costa County",3588.2822265625,3380,924.009582519531,973
6013369001,"Contra Costa County",7053,7425,2719,2528
6013369002,"Contra Costa County",2822.77221679688,2356,1110.94250488281,1099
6013370000,"Contra Costa County",2938.4931640625,2859,1176.97399902344,1169
6013371000,"Contra Costa County",5266,6149,2015,2056
6013372000,"Contra Costa County",7133,7615,2326,2345
6013373000,"Contra Costa County",4290,4102,1184,1190
6013374000,"Contra Costa County",4517,4246,1817,1814
6013375000,"Contra Costa County",4502,4787,1238,1219
6013376000,"Contra Costa County",5959,5547,1898,2053
6013377000,"Contra Costa County",7596,6835,2307,2430
6013378000,"Contra Costa County",2895,3116,1643,1951
6013379000,"Contra Costa County",6329,6668,1988,2078
6013380000,"Contra Costa County",6002,6569,2788,2937
6013381000,"Contra Costa County",6222,6996,2121,2167
6013382000,"Contra Costa County",7185,7486,2711.20874023438,2767
6013383000,"Contra Costa County",4355.013671875,4838,2036.74060058594,2136
6013384000,"Contra Costa County",3841.86743164062,3899,1687.67492675781,1683
6013385100,"Contra Costa County",2661.09814453125,2941,1134.03698730469,1173
6013385200,"Contra Costa County",1440,1175,590,571
6013386000,"Contra Costa County",3439.98657226562,3617,1537.83044433594,1513
6013387000,"Contra Costa County",2294,2758,1023,1168
6013388000,"Contra Costa County",2536,2776,1191,1183
6013389100,"Contra Costa County",1908.56066894531,2016,922.267578125,912
6013389200,"Contra Costa County",1717,1700,861.22021484375,819
6013390100,"Contra Costa County",2167.0380859375,2324,953.793762207031,945
6013390200,"Contra Costa County",1668.3017578125,1735,795.847290039062,770
6013391000,"Contra Costa County",2436.09936523438,2679,1107.09130859375,1168
6013392000,"Contra Costa County",2343.83642578125,2827,1067.28100585938,1171
6013392200,"Contra Costa County",7066.43701171875,11474,2298.96875,3324
6041101100,"Marin County",2539,2717,1019,1145
6041101200,"Marin County",2584,3023,1011,1143
6041102100,"Marin County",2347,2319,922,1000
6041102202,"Marin County",5748,6508,2255.20166015625,2309
6041102203,"Marin County",4233,5741,1660.79833984375,2258
6041103100,"Marin County",7682,7791,2753,2956
6041103200,"Marin County",6590,6772,2534,2817
6041104101,"Marin County",6666,8276,2614,3309
6041104102,"Marin County",4959,5485,2142,2200
6041104200,"Marin County",5705.73291015625,5526,2424.0888671875,2644
6041104300,"Marin County",1665,1624,707,728
6041105000,"Marin County",3771.94482421875,6394,1670.50085449219,2912
6041106001,"Marin County",3825.05493164062,4237,2027.4990234375,2278
6041106002,"Marin County",5745,6810,2150,2233
6041107000,"Marin County",6416.26708984375,6719,2415.9111328125,2454
6041108100,"Marin County",6524,6789,2650,2739
6041108200,"Marin County",6120,6756,2678,3169
6041109001,"Marin County",4033.99975585938,4008,1924.681640625,1854
6041109002,"Marin County",3807.52099609375,4124,1811.89990234375,1893
6041110100,"Marin County",5643,5824,2411,2459
6041110200,"Marin County",5432,5138,2234,2263
6041111000,"Marin County",5518.35986328125,5876,2628.55346679688,2788
6041112100,"Marin County",4007.3583984375,5125,1865.04736328125,1926
6041112201,"Marin County",7580,7446,1981.48303222656,1708
6041112202,"Marin County",4099,4670,1071.51696777344,1281
6041113000,"Marin County",3797,3669,1535,1765
6041114100,"Marin County",5155.49169921875,5214,2367.82373046875,2378
6041114200,"Marin County",3091.76733398438,3121,1399.89465332031,1479
6041115000,"Marin County",6986.3486328125,7177,2804.265625,2848
6041116000,"Marin County",3020.86767578125,3227,1312.7138671875,1332
6041117000,"Marin County",4658.2919921875,4536,2111.64379882812,2149
6041118100,"Marin County",2312.09033203125,2385,800.121704101562,879
6041119100,"Marin County",4618.36376953125,5056,1889.56140136719,2070
6041119201,"Marin County",3261,3336,1645.96203613281,1953
6041119202,"Marin County",3287.6416015625,3462,1658.99060058594,1300
6041120000,"Marin County",6069.23291015625,6334,3020.86401367188,2897
6041121100,"Marin County",4958.92919921875,5201,2266.48095703125,2318
6041121200,"Marin County",5521,5985,2484,2601
6041123000,"Marin County",2106,2023,1046,1082
6041124100,"Marin County",5377,5401,2371,2419
6041124200,"Marin County",5431,5969,2626,2786
6041125000,"Marin County",3931,4644,1882,2088
6041126100,"Marin County",5526.6533203125,5814,2392.84985351562,2404
6041126200,"Marin County",4335,4393,2144,2094
6041127000,"Marin County",4442.48583984375,4756,2050.95727539062,2128
6041128100,"Marin County",6188,6443,2707,2934
6041128200,"Marin County",4491.068359375,4599,1931.63427734375,2026
6041129000,"Marin County",2500,2731,1139,1154
6041130201,"Marin County",3425.42944335938,3515,2118.48559570312,2204
6041130202,"Marin County",4325.9990234375,4140,2675.45043945312,2798
6041131100,"Marin County",978.099426269531,1112,501.117950439453,487
6041132100,"Marin County",2337,1956,1486,1800
6041132200,"Marin County",2332,1672,1275,1384
6041133000,"Marin County",3220,2877,1715,2036
6055200201,"Napa County",3398,3364,1366,1410
6055200202,"Napa County",3007,3038,1233,1293
6055200203,"Napa County",2786,2334,911,884
6055200301,"Napa County",4945,5230,1799.38793945312,1797
6055200302,"Napa County",2137,2794,777.612121582031,948
6055200400,"Napa County",3604,4204,1642,1636
6055200501,"Napa County",4558,5294,1690,1832
6055200503,"Napa County",1859,1723,788,746
6055200504,"Napa County",5392,6401,2081.02783203125,2416
6055200505,"Napa County",2578,2994,994.97216796875,1115
6055200601,"Napa County",4680,5249,1740.67065429688,1711
6055200602,"Napa County",3730,4215,1387.32934570312,1919
6055200703,"Napa County",3048,2734,1153,1177
6055200704,"Napa County",4618,5215,1716.85583496094,1666
6055200705,"Napa County",2397,2838,891.144104003906,1013
6055200706,"Napa County",3330,3334,1203.76123046875,1163
6055200707,"Napa County",2684,3071,970.23876953125,1390
6055200802,"Napa County",4991,5421,2159,2415
6055200803,"Napa County",2153,2092,690.650024414062,870
6055200804,"Napa County",5338,6004,1712.34997558594,1754
6055201003,"Napa County",812,5105,345.296600341797,1492
6055201004,"Napa County",2492,6483,1059.70336914062,1969
6055201005,"Napa County",1522.61376953125,2255,453.682739257812,698
6055201006,"Napa County",2754.42944335938,3226,820.718383789062,962
6055201007,"Napa County",2988.95678710938,4409,890.598876953125,1131
6055201101,"Napa County",1742.7314453125,2226,715.244323730469,794
6055201102,"Napa County",2443.26831054688,1849,1002.75561523438,989
6055201200,"Napa County",4945,4834,2047,2119
6055201300,"Napa County",2916,2991,1133,1608
6055201401,"Napa County",2893.57885742188,3178,1364.74682617188,2206
6055201402,"Napa County",3029.24877929688,3097,1428.73510742188,1292
6055201403,"Napa County",1413.17236328125,626,666.518005371094,385
6055201500,"Napa County",2276.26171875,2098,1125.04028320312,1139
6055201601,"Napa County",2306.73828125,2515,1049.68029785156,1157
6055201602,"Napa County",3619.99975585938,3480,1647.27941894531,1857
6055201700,"Napa County",5637,5963,2011,2182
6055201800,"Napa County",1635,1681,964,1011
6055201900,"Napa County",1338.68151855469,1210,671.7568359375,773
6055202000,"Napa County",5183.31884765625,5281,2246.24340820312,2330
6075010100,"San Francisco County",2879,4000,1944,2307
6075010200,"San Francisco County",4288,4300,3044,3018
6075010300,"San Francisco County",4092,4341,2327,2378
6075010400,"San Francisco County",4859,5028,2899,2844
6075010500,"San Francisco County",2217,2684,1843,1975
6075010600,"San Francisco County",4279,3567,2147,2097
6075010700,"San Francisco County",5634,5509,2976,2766
6075010800,"San Francisco County",5130,4514,2715,2743
6075010900,"San Francisco County",4497.73388671875,4447,2862.73852539062,2946
6075011000,"San Francisco County",5037.26611328125,4742,2591.26147460938,2880
6075011100,"San Francisco County",5559,5081,3037,3337
6075011200,"San Francisco County",3700,3335,2325,2339
6075011300,"San Francisco County",3264,3061,1629,1644
6075011700,"San Francisco County",1747,1716,1187,1308
6075011800,"San Francisco County",1528,1562,789,770
6075011901,"San Francisco County",2450,2570,1778.03735351562,1728
6075011902,"San Francisco County",2792.99975585938,2839,2026.96252441406,1971
6075012000,"San Francisco County",3972,3962,2781,2814
6075012100,"San Francisco County",3462,3908,2505,2296
6075012201,"San Francisco County",4723,4728,2735.11059570312,3077
6075012202,"San Francisco County",2312,3271,1338.88952636719,1700
6075012301,"San Francisco County",3135,2189,2248.81298828125,1667
6075012302,"San Francisco County",3070,2529,2202.18701171875,2262
6075012401,"San Francisco County",4652,4593,2618.59643554688,3047
6075012402,"San Francisco County",3536,3668,1990.40344238281,2577
6075012501,"San Francisco County",3778,3660,2261.81298828125,2621
6075012502,"San Francisco County",3930,3585,2352.81225585938,2263
6075012601,"San Francisco County",2311,2408,1609.94189453125,1701
6075012602,"San Francisco County",2604,2900,1814.05822753906,1830
6075012700,"San Francisco County",3498.7158203125,3860,2278.05883789062,2332
6075012800,"San Francisco County",4207.2841796875,4783,2595.94116210938,2635
6075012901,"San Francisco County",2561,2731,1699.25451660156,1688
6075012902,"San Francisco County",3145,3638,2086.74560546875,2264
6075013000,"San Francisco County",4130,4788,2640,2646
6075013101,"San Francisco County",3616.00024414062,4072,2365.74877929688,2612
6075013102,"San Francisco County",2851,2913,1865.25146484375,1738
6075013200,"San Francisco County",4436,3877,2642,2650
6075013300,"San Francisco County",4145,4561,2097,2079
6075013400,"San Francisco County",3665,4000,2226,2207
6075013500,"San Francisco County",2666,2704,1890,1910
6075015100,"San Francisco County",2420,2178,1784,1844
6075015200,"San Francisco County",3857,4267,2519,2571
6075015300,"San Francisco County",2114,2234,999,1059
6075015400,"San Francisco County",5762,6161,3003,3166
6075015500,"San Francisco County",3591,3651,2282,2495
6075015600,"San Francisco County",2821,3274,1351,1575
6075015700,"San Francisco County",6875,8910,2564,2831
6075015801,"San Francisco County",3947.00024414062,4121,1907.72631835938,1773
6075015802,"San Francisco County",2924,3321,1413.27380371094,1684
6075015900,"San Francisco County",4165,4332,2250,2452
6075016000,"San Francisco County",2026,2769,1609,1935
6075016100,"San Francisco County",5257,5498,2730,2854
6075016200,"San Francisco County",2502,2937,1516,1881
6075016300,"San Francisco County",4521,4469,2100,2176
6075016400,"San Francisco County",3791,4320,1873,1951
6075016500,"San Francisco County",5121,5890,2463,2527
6075016600,"San Francisco County",5045,5613,2558,2691
6075016700,"San Francisco County",4701,4863,2474,2538
6075016801,"San Francisco County",2983,3232,1619.84582519531,1783
6075016802,"San Francisco County",3118,3293,1693.15417480469,2048
6075016900,"San Francisco County",2995,2907,1734,1772
6075017000,"San Francisco County",3775,3959,2334,2355
6075017101,"San Francisco County",3611,3814,1816.18933105469,1970
6075017102,"San Francisco County",3652,3760,1836.81066894531,1829
6075017601,"San Francisco County",5774.77685546875,7834,2567.27587890625,5530
6075017700,"San Francisco County",1777,1791,689,813
6075017801,"San Francisco County",2453,3209,1359.69177246094,2523
6075017802,"San Francisco County",3376,4856,1871.30822753906,2558
6075017902,"San Francisco County",1453,3090,1012,769
6075018000,"San Francisco County",2285,3279,530,1496
6075020100,"San Francisco County",6340,5959,2424,3481
6075020200,"San Francisco County",6188,6013,3133,3425
6075020300,"San Francisco County",3145,3161,1749,1867
6075020401,"San Francisco County",2735.6796875,3118,1746.01452636719,1831
6075020402,"San Francisco County",4006.3203125,4461,2556.98559570312,2731
6075020500,"San Francisco County",2551,2890,1434,1447
6075020600,"San Francisco County",4836,5052,2841,2923
6075020700,"San Francisco County",5427,5169,2857,2951
6075020800,"San Francisco County",7371,6292,2433,2879
6075020900,"San Francisco County",5092,4927,1813,1963
6075021000,"San Francisco County",4559,4618,2280,2254
6075021100,"San Francisco County",3833,4180,2042,2113
6075021200,"San Francisco County",2882,3098,1559,1563
6075021300,"San Francisco County",2402,2714,1256,1297
6075021400,"San Francisco County",3285,3736,1753,1823
6075021500,"San Francisco County",5195,4920,2599,2697
6075021600,"San Francisco County",3880,4551,2157,2235
6075021700,"San Francisco County",4139,4094,1884,1927
6075021800,"San Francisco County",3914,4112,1872,1912
6075022600,"San Francisco County",846,2082,478,1006
6075022702,"San Francisco County",1805,2239,994,1088
6075022704,"San Francisco County",2717,3411,1551.58374023438,1790
6075022801,"San Francisco County",4676,5278,1399,2030
6075022802,"San Francisco County",1762,2402,615,691
6075022803,"San Francisco County",5178,4637,1520,1634
6075022901,"San Francisco County",4965,5691,1297,1610
6075022902,"San Francisco County",2925,2712,805,894
6075022903,"San Francisco County",3942.02490234375,3148,1159.01025390625,1232
6075023001,"San Francisco County",5083,5204,1352,1434
6075023003,"San Francisco County",4028,4330,1157,1268
6075023102,"San Francisco County",3600,4653,1289,1567
6075023103,"San Francisco County",4649,2904,1396,1121
6075023200,"San Francisco County",4490,4414,1269,1349
6075023300,"San Francisco County",2591,3203,664,1046
6075023400,"San Francisco County",3492,3176,955,1023
6075025100,"San Francisco County",3249.09057617188,3620,1324.01123046875,1405
6075025200,"San Francisco County",5454,5845,2149,2306
6075025300,"San Francisco County",4615,4349,1852,1927
6075025401,"San Francisco County",3906,4044,1343,1410
6075025402,"San Francisco County",3241,2965,1108,1148
6075025403,"San Francisco County",4487,5315,1436,1572
6075025500,"San Francisco County",7518.0751953125,9446,2345.03002929688,2741
6075025600,"San Francisco County",5705,5504,1561,1719
6075025701,"San Francisco County",4857,5116,1350.5419921875,1484
6075025702,"San Francisco County",4364,4739,1213.4580078125,1347
6075025800,"San Francisco County",1871,2061,569,646
6075025900,"San Francisco County",4278,4498,1330,1511
6075026001,"San Francisco County",5549,5901,1461,1677
6075026002,"San Francisco County",3680,3359,956,1030
6075026003,"San Francisco County",4826,5261,1302,1446
6075026004,"San Francisco County",4010,4924,1098,1276
6075026100,"San Francisco County",5995,7156,1664,2002
6075026200,"San Francisco County",6992,7671,1836,2118
6075026301,"San Francisco County",4410,4830,1153,1421
6075026302,"San Francisco County",4354.83349609375,4717,1297.95043945312,1540
6075026303,"San Francisco County",4529,4844,1217,1346
6075026401,"San Francisco County",3733,3710,911,1082
6075026402,"San Francisco County",4109,4734,1080,1226
6075026403,"San Francisco County",4111.322265625,3868,1019.83190917969,1174
6075026404,"San Francisco County",2287.677734375,2823,521.168151855469,721
6075030101,"San Francisco County",4475,4936,2119,2235
6075030102,"San Francisco County",4797,5073,2484,2397
6075030201,"San Francisco County",3980,4327,1919,1982
6075030202,"San Francisco County",4454,4621,2210,2198
6075030301,"San Francisco County",5886,6024,2507,2596
6075030302,"San Francisco County",3471,4143,1375,1480
6075030400,"San Francisco County",5177,5568,1954,2052
6075030500,"San Francisco County",3374,2950,1050,1069
6075030600,"San Francisco County",2132,2424,878,903
6075030700,"San Francisco County",6367,6673,2775,2810
6075030800,"San Francisco County",5646,6136,2198,2420
6075030900,"San Francisco County",6771,6891,2434,2475
6075031000,"San Francisco County",3556,3601,1317,1367
6075031100,"San Francisco County",6277.9248046875,6885,2496.96997070312,2667
6075031201,"San Francisco County",5640,7331,1587.59985351562,2066
6075031202,"San Francisco County",2846.96459960938,3220,801.390197753906,919
6075031301,"San Francisco County",3617,4477,1154.21154785156,1367
6075031302,"San Francisco County",4584,5989,1462.78833007812,1998
6075031400,"San Francisco County",6112.03515625,6990,1707.01000976562,1981
6075032601,"San Francisco County",4391,4908,1683.42932128906,1905
6075032602,"San Francisco County",4214,4662,1615.57067871094,1791
6075032700,"San Francisco County",6498,7113,2467,2622
6075032801,"San Francisco County",4258,4207,1546.00280761719,1578
6075032802,"San Francisco County",3776,4383,1370.99731445312,1598
6075032901,"San Francisco County",4848,5757,1747.73498535156,1874
6075032902,"San Francisco County",3604,4463,1299.26501464844,1439
6075033000,"San Francisco County",7496,8165,2755,2891
6075033100,"San Francisco County",3739,4042,1484,1556
6075033201,"San Francisco County",3075,4165,784,761
6075033203,"San Francisco County",3384,4212,1576.83764648438,1610
6075033204,"San Francisco County",3874,4262,1805.16223144531,1689
6075035100,"San Francisco County",7756,8868,2731,2920
6075035201,"San Francisco County",5587,5841,1936,2022
6075035202,"San Francisco County",4436,4650,1823,1922
6075035300,"San Francisco County",7082,7514,2454,2594
6075035400,"San Francisco County",6726,6473,2383,2594
6075040100,"San Francisco County",4348,4525,1986,2047
6075040200,"San Francisco County",5364,5563,2507,2617
6075042601,"San Francisco County",3915.99975585938,4175,1806.798828125,1892
6075042602,"San Francisco County",3284,3090,1515.20104980469,1555
6075042700,"San Francisco County",5513,4897,2469,2659
6075042800,"San Francisco County",2451,2456,1012,1031
6075045100,"San Francisco County",5102,5093,2187,2259
6075045200,"San Francisco County",6695,7322,2891,3033
6075047600,"San Francisco County",5431,5647,2288,2413
6075047701,"San Francisco County",4618,4322,1935,2048
6075047702,"San Francisco County",3946,4218,1601,1699
6075047801,"San Francisco County",4173,4023,1721.28881835938,1787
6075047802,"San Francisco County",3614,3937,1490.71118164062,1622
6075047901,"San Francisco County",6540,6860,2726,2819
6075047902,"San Francisco County",3539,3701,1556,1643
6075060100,"San Francisco County",2234,3828,1102,1369
6075060400,"San Francisco County",1517.29772949219,1662,913.5771484375,1022
6075060502,"San Francisco County",3416,3430,1009,1078
6075061000,"San Francisco County",2400,4730,666,1629
6075061100,"San Francisco County",3934,4686,2253,2250
6075061200,"San Francisco County",3561,4249,1055,1246
6075061400,"San Francisco County",5174,6035,2310.41625976562,2625
6075061500,"San Francisco County",5965.2197265625,13057,3941.08764648438,9224
6075980200,"San Francisco County",231,320,64,86
6075980501,"San Francisco County",412,853,90,297
6075980600,"San Francisco County",530,476,160,196
6075980900,"San Francisco County",410.884338378906,260,75.9786148071289,156
6081600100,"San Mateo County",3784,5229,1893,2192
6081600200,"San Mateo County",3890,4201,1001,1181
6081600300,"San Mateo County",3771.16625976562,3861,1185.04956054688,1329
6081600401,"San Mateo County",3357.0634765625,3415,910.047302246094,1088
6081600402,"San Mateo County",4942.93701171875,5166,1339.95275878906,1282
6081600500,"San Mateo County",7775,7549,2114,2221
6081600600,"San Mateo County",5522,5704,1436,1535
6081600700,"San Mateo County",7843,7283,1995,2189
6081600800,"San Mateo County",7075,7375,2962,2904
6081600900,"San Mateo County",3889.70239257812,3993,1495.4228515625,1482
6081601000,"San Mateo County",7488.21484375,6493,2096.31396484375,2049
6081601100,"San Mateo County",5905,6221,1951,1952
6081601200,"San Mateo County",6490,6819,2066,2194
6081601300,"San Mateo County",7547.03955078125,8765,2291.47338867188,2674
6081601400,"San Mateo County",6670,7462,1917,2158
6081601501,"San Mateo County",5194,5414,1317,1366
6081601502,"San Mateo County",4841,5539,1676.97888183594,1846
6081601601,"San Mateo County",2101.94750976562,2744,790.521728515625,916
6081601603,"San Mateo County",6317.37548828125,5998,1894.41101074219,1945
6081601604,"San Mateo County",2760,2821,1263.02111816406,1161
6081601605,"San Mateo County",6588,6531,1682,1768
6081601700,"San Mateo County",4155,4554,1313,1365
6081601800,"San Mateo County",5590,7185,1916,2094
6081601901,"San Mateo County",4354.01318359375,4502,1603.67932128906,1439
6081601902,"San Mateo County",4687,5552,1726.32568359375,2332
6081602000,"San Mateo County",7190,8100,2440,2601
6081602100,"San Mateo County",3828,3346,991,1034
6081602200,"San Mateo County",7993,7922,2537,2695
6081602300,"San Mateo County",3204,3990,1118,1163
6081602400,"San Mateo County",6511,7262,2658,2759
6081602500,"San Mateo County",5147.45703125,5715,1467.4638671875,1576
6081602600,"San Mateo County",7885.62451171875,7951,2356.5888671875,2838
6081602700,"San Mateo County",5539,6062,1830,1987
6081602800,"San Mateo County",4826.78515625,4661,1504.68615722656,1548
6081602900,"San Mateo County",4135,3864,1715,1692
6081603000,"San Mateo County",4336,4353,1982,1982
6081603100,"San Mateo County",3026,3521,1186,1277
6081603200,"San Mateo County",3994,3646,1442,1483
6081603300,"San Mateo County",6679,6745,2470,2409
6081603400,"San Mateo County",5911,5992,2143,2111
6081603700,"San Mateo County",5570.54296875,5772,1773.5361328125,1761
6081603801,"San Mateo County",2171,2339,992.293640136719,1287
6081603802,"San Mateo County",5038,5000,2302.70629882812,1880
6081603900,"San Mateo County",5250,5611,2147.27587890625,2111
6081604000,"San Mateo County",3115,3229,1166,1128
6081604101,"San Mateo County",7679,8243,2628,2616
6081604102,"San Mateo County",1633,2923,962,1691
6081604200,"San Mateo County",4257,4081,1129,1117
6081604400,"San Mateo County",3981,5021,1484.72412109375,1856
6081604500,"San Mateo County",3416,3749,1388,1353
6081604600,"San Mateo County",2520,2897,932,968
6081604700,"San Mateo County",2758,2686,1007,1011
6081604800,"San Mateo County",4853,4970,1985,2014
6081604900,"San Mateo County",3190,3199,1317.69421386719,1324
6081605000,"San Mateo County",7418.74169921875,8524,2940.20361328125,3016
6081605100,"San Mateo County",2927,3166,1427,1436
6081605200,"San Mateo County",3466,3745,1326,1332
6081605300,"San Mateo County",4598.67138671875,4715,2002.24462890625,1983
6081605400,"San Mateo County",6033,5813,2740.56811523438,2704
6081605500,"San Mateo County",4914,5294,2858,2860
6081605600,"San Mateo County",5602.58642578125,5981,1964.85766601562,2178
6081605700,"San Mateo County",5277.7314453125,5331,1857.40734863281,2009
6081605800,"San Mateo County",2545,2618,1054,1047
6081605900,"San Mateo County",5094,5954,2645,2717
6081606000,"San Mateo County",4574,5866,2223.431640625,2256
6081606100,"San Mateo County",4254,4671,1394,1382
6081606200,"San Mateo County",7917,8080,2060,2357
6081606300,"San Mateo County",3757,4491,1956,2014
6081606400,"San Mateo County",4433,5180,2669,2754
6081606500,"San Mateo County",3534.52197265625,3347,1362.28405761719,1332
6081606600,"San Mateo County",3316,3688,1398.88146972656,1452
6081606700,"San Mateo County",2330.74658203125,2383,971.308654785156,995
6081606800,"San Mateo County",3241,3434,1293,1322
6081606900,"San Mateo County",2454,2551,890,936
6081607000,"San Mateo County",3338,3441,1469,1412
6081607100,"San Mateo County",2834,3173,1136,1101
6081607200,"San Mateo County",3908,4168,1704,1849
6081607300,"San Mateo County",3503,3573,1361,1358
6081607400,"San Mateo County",4286,4858,1889.11853027344,1998
6081607500,"San Mateo County",2218,4227,929,1770
6081607600,"San Mateo County",3524,3468,1296,1312
6081607701,"San Mateo County",3609,4163,1139,1185
6081607702,"San Mateo County",2800,2768,813,809
6081607800,"San Mateo County",3183,3459,1022,1010
6081607900,"San Mateo County",3065.04174804688,3119,1797.33337402344,1736
6081608001,"San Mateo County",2557,3716,1145,1643
6081608002,"San Mateo County",3713,3600,1517,1480
6081608004,"San Mateo County",6218.9580078125,6943,3074.66674804688,3369
6081608013,"San Mateo County",3920.43237304688,4555,1591.47998046875,1685
6081608023,"San Mateo County",2607,2718,877,925
6081608100,"San Mateo County",3181,3822,1225,1437
6081608200,"San Mateo County",3296,3877,1199,1438
6081608300,"San Mateo County",3321,3736,1386,1473
6081608400,"San Mateo County",5583,6272,2262,2192
6081608501,"San Mateo County",4633,4906,1804,1750
6081608502,"San Mateo County",2739.64819335938,2627,1244.95812988281,1210
6081608600,"San Mateo County",4165.53955078125,4516,1796.13208007812,1792
6081608700,"San Mateo County",6606,7307,2653,2721
6081608800,"San Mateo County",5559,6024,2143,2127
6081608900,"San Mateo County",6508.9345703125,6855,3072.10107421875,3082
6081609000,"San Mateo County",2586.62817382812,2502,1055.87512207031,1010
6081609100,"San Mateo County",1619.77612304688,1617,607.001953125,598
6081609201,"San Mateo County",3608,3708,1760.08666992188,1707
6081609202,"San Mateo County",3424.54614257812,4261,1670.59252929688,1955
6081609300,"San Mateo County",3092.68408203125,3575,1257.74572753906,1283
6081609400,"San Mateo County",3053.14111328125,3584,1170.65576171875,1150
6081609500,"San Mateo County",4795,4999,1784,1809
6081609601,"San Mateo County",2734.33764648438,2923,1176.94104003906,1206
6081609602,"San Mateo County",1619,1715,677,678
6081609603,"San Mateo County",5255.728515625,5135,2150.75146484375,2193
6081609700,"San Mateo County",4113,4660,1551.53369140625,1701
6081609800,"San Mateo County",4465.6923828125,4677,1697.00915527344,1730
6081609900,"San Mateo County",2858.68823242188,3156,1121.36987304688,1136
6081610000,"San Mateo County",4469,4798,2090.94555664062,2139
6081610100,"San Mateo County",2560.22387695312,2434,923.998046875,959
6081610201,"San Mateo County",5966,6033,1790,1845
6081610202,"San Mateo County",2224,2468,588,949
6081610203,"San Mateo County",3381,3986,939,1084
6081610302,"San Mateo County",2175,2756,1158,1002
6081610303,"San Mateo County",6528,8094,2944,3396
6081610304,"San Mateo County",4167.38037109375,4532,1957.42980957031,1898
6081610400,"San Mateo County",5612,6252,1595,1746
6081610500,"San Mateo County",5478,5261,1319,1391
6081610601,"San Mateo County",6492,6113,1557,1677
6081610602,"San Mateo County",3401,3770,1167,1258
6081610700,"San Mateo County",5290,5205,2050,2210
6081610800,"San Mateo County",4287.26513671875,5186,1633.93664550781,1712
6081610900,"San Mateo County",6469.73486328125,6979,2457.0634765625,2557
6081611000,"San Mateo County",5751.619140625,6468,2321.92651367188,2420
6081611100,"San Mateo County",5856,6340,2306.99951171875,2392
6081611200,"San Mateo County",2887,2901,1091,1127
6081611300,"San Mateo County",4830,5458,2005,2082
6081611400,"San Mateo County",4466,4412,1513,1498
6081611500,"San Mateo County",2728,2715,995.905944824219,1037
6081611600,"San Mateo County",2142,2316,832,793
6081611700,"San Mateo County",6095,5349,1369,1390
6081611800,"San Mateo County",4758,3965,923,885
6081611900,"San Mateo County",8847,10280,1983,2690
6081612000,"San Mateo County",7954.10400390625,7408,1579.82202148438,1581
6081612100,"San Mateo County",8782.896484375,8817,2955.17797851562,2920
6081612500,"San Mateo County",4030,4154,2129.09399414062,1983
6081612600,"San Mateo County",3947,4738,2247,2192
6081612700,"San Mateo County",2136,2114,831,783
6081612800,"San Mateo County",3166,3296,1191,1101
6081612900,"San Mateo County",4311,4606,1853,1873
6081613000,"San Mateo County",3162,3484,1562,1545
6081613200,"San Mateo County",6726.87939453125,6772,2631.95288085938,2772
6081613300,"San Mateo County",2648,2722,991.46630859375,1115
6081613400,"San Mateo County",3392,3157,1324,1282
6081613501,"San Mateo County",5072,4852,1353,1668
6081613502,"San Mateo County",5412,6510,2081,2475
6081613600,"San Mateo County",5777,6601,2051,2412
6081613700,"San Mateo County",7968,8922,3119,4195
6081613800,"San Mateo County",4783,3731,1911,1821
6081613900,"San Mateo County",5615,6776,2228,2177
6081614000,"San Mateo County",5450,5556,1875,1730
6085500100,"Santa Clara County",5360,7824,1614,2484
6085500200,"Santa Clara County",4737,6269,1512.32556152344,2238
6085500300,"Santa Clara County",2542,3790,877.674438476562,1517
6085500400,"Santa Clara County",2352,2417,1001,1033
6085500500,"Santa Clara County",4816,5616,1937,2114
6085500600,"Santa Clara County",3814,5165,1825,2412
6085500800,"Santa Clara County",1932,3683,841,2003
6085500901,"Santa Clara County",2859,4064,1475,2255
6085500902,"Santa Clara County",3696,6151,686,652
6085501000,"Santa Clara County",5544,4647,2157,2120
6085501101,"Santa Clara County",3031,4567,1014.80780029297,1969
6085501102,"Santa Clara County",4872,4947,1631.19213867188,1449
6085501200,"Santa Clara County",4792,4486,1389,1516
6085501300,"Santa Clara County",4165,4575,1262,1234
6085501401,"Santa Clara County",3438,3526,956.345092773438,1048
6085501402,"Santa Clara County",3094,3285,860.654907226562,917
6085501501,"Santa Clara County",4232,4870,1075,1322
6085501502,"Santa Clara County",4392,4609,1004,1198
6085501600,"Santa Clara County",7435,7091,2457,2690
6085501700,"Santa Clara County",5670,4976,1318.76745605469,1433
6085501800,"Santa Clara County",5221,5321,1704.08935546875,1805
6085501900,"Santa Clara County",3300,5383,1414.14318847656,2860
6085502001,"Santa Clara County",5188,5562,2081,2221
6085502002,"Santa Clara County",5017,5145,1643,1765
6085502101,"Santa Clara County",5011,5090,1973,2030
6085502102,"Santa Clara County",7395,7603,2539,2787
6085502201,"Santa Clara County",5855,6941,2559,3202
6085502202,"Santa Clara County",3020.19848632812,3264,1477.64477539062,1478
6085502301,"Santa Clara County",3104,3524,1400.14501953125,1421
6085502302,"Santa Clara County",2742,2813,1236.85498046875,1305
6085502400,"Santa Clara County",6351,7037,2767,2980
6085502500,"Santa Clara County",5770,6412,2491,2557
6085502601,"Santa Clara County",2630,2747,1226,1228
6085502603,"Santa Clara County",2537.80151367188,2527,1273.8828125,1029
6085502604,"Santa Clara County",4061,4260,2038.47241210938,2315
6085502701,"Santa Clara County",4517,4918,1879,2050
6085502702,"Santa Clara County",7417,7633,2956,3228
6085502800,"Santa Clara County",4078.61157226562,4371,1408.91394042969,1456
6085502901,"Santa Clara County",5638,6347,2148,2292
6085502902,"Santa Clara County",7033,7444,2504,2756
6085502903,"Santa Clara County",5138,5318,1960,1981
6085502906,"Santa Clara County",4655.72705078125,4338,1667.02490234375,1656
6085502907,"Santa Clara County",3881,3797,1334,1356
6085502908,"Santa Clara County",6826.388671875,6878,2389.0859375,2422
6085502909,"Santa Clara County",4979,5406,2061,2109
6085502910,"Santa Clara County",3365,3390,1346,1494
6085503001,"Santa Clara County",3973,4216,1647,1643
6085503002,"Santa Clara County",3502,3568,1302,1337
6085503003,"Santa Clara County",5320,5571,1792,1836
6085503105,"Santa Clara County",2264.99829101562,2345,529.5966796875,811
6085503108,"Santa Clara County",6187,8094,2073,2946
6085503110,"Santa Clara County",4883,5458,968,1166
6085503111,"Santa Clara County",5436,5257,1086,1127
6085503112,"Santa Clara County",3530,3885,954,1547
6085503113,"Santa Clara County",4980,5017,1162,1403
6085503115,"Santa Clara County",2404,6331,1181,2696
6085503116,"Santa Clara County",3604,5336,1683,2291
6085503117,"Santa Clara County",3343,3118,859.659484863281,768
6085503118,"Santa Clara County",5920,5489,1522.34045410156,1741
6085503121,"Santa Clara County",3409,4540,1348.8818359375,1569
6085503122,"Santa Clara County",1998.00183105469,3023,789.60302734375,1213
6085503123,"Santa Clara County",2752,3877,1088.91845703125,1702
6085503204,"Santa Clara County",7810,9349,1973,2338
6085503207,"Santa Clara County",4349,4302,1028,1059
6085503208,"Santa Clara County",3884,4638,825,897
6085503210,"Santa Clara County",4564,4413,932,985
6085503211,"Santa Clara County",5058,4696,1141,1153
6085503212,"Santa Clara County",4224,4270,961,972
6085503213,"Santa Clara County",4794,4497,1232,1264
6085503214,"Santa Clara County",5521,8652,1416,2400
6085503217,"Santa Clara County",5250,4893,1047,1114
6085503218,"Santa Clara County",4479,4916,1109,1216
6085503304,"Santa Clara County",7258,7127,1728,1908
6085503305,"Santa Clara County",7254,6378,1479,1522
6085503306,"Santa Clara County",4411,4276,872,923
6085503312,"Santa Clara County",3117,3769,962,1108
6085503313,"Santa Clara County",4684,4479,1311,1313
6085503315,"Santa Clara County",7711,8280,1971,2040
6085503321,"Santa Clara County",4851,4942,1035,1105
6085503322,"Santa Clara County",4374,4504,1031,1070
6085503323,"Santa Clara County",4669,4651,1163,1208
6085503324,"Santa Clara County",3931,3592,914,913
6085503325,"Santa Clara County",4768,4899,1157,1172
6085503326,"Santa Clara County",3311,7275,880,1813
6085503327,"Santa Clara County",4599,5030,1240,1459
6085503329,"Santa Clara County",2877,3680,825.836181640625,995
6085503330,"Santa Clara County",4087.00024414062,8688,1173.16394042969,2216
6085503331,"Santa Clara County",3190,3492,1428.33068847656,1428
6085503332,"Santa Clara County",5442,5498,2436.66943359375,2579
6085503333,"Santa Clara County",3723,4428,1167.5556640625,1321
6085503334,"Santa Clara County",5148,8607,1614.44445800781,2678
6085503336,"Santa Clara County",3861,3755,920.30712890625,912
6085503337,"Santa Clara County",3699,3748,881.69287109375,993
6085503401,"Santa Clara County",5796,4648,1002,1003
6085503402,"Santa Clara County",5219,6090,1028,1255
6085503504,"Santa Clara County",6666,6449,1113,1246
6085503506,"Santa Clara County",6551,6190,1246,1314
6085503507,"Santa Clara County",2335,2542,346,400
6085503508,"Santa Clara County",6087,7096,1234,1267
6085503509,"Santa Clara County",4009,3870,881,905
6085503510,"Santa Clara County",6388,6079,1336,1407
6085503511,"Santa Clara County",3876,3810,820,876
6085503601,"Santa Clara County",3128,2946,903,910
6085503602,"Santa Clara County",4745,5248,1166,1400
6085503703,"Santa Clara County",4662,4408,868,960
6085503707,"Santa Clara County",6273,6222,1402,1473
6085503708,"Santa Clara County",3013,2625,727,784
6085503709,"Santa Clara County",6380,5877,1562,1785
6085503710,"Santa Clara County",3202,3855,661.186767578125,1083
6085503711,"Santa Clara County",5147,5142,1062.81323242188,1057
6085503712,"Santa Clara County",4045,4068,1194.13854980469,1419
6085503713,"Santa Clara County",3309,3150,976.861450195312,1172
6085503802,"Santa Clara County",7365,8328,2102.30151367188,2327
6085503803,"Santa Clara County",4695,4767,1368,1443
6085503804,"Santa Clara County",4736,5509,1407,1713
6085503902,"Santa Clara County",5093,5638,1401.20532226562,1577
6085503903,"Santa Clara County",2975,3599,818.4931640625,951
6085504001,"Santa Clara County",6026,6302,1443,1575
6085504002,"Santa Clara County",5560,6528,1074,1439
6085504101,"Santa Clara County",3912,4964,972,1101
6085504102,"Santa Clara County",5529,6100,1280,1436
6085504201,"Santa Clara County",4777,5348,1709,1806
6085504202,"Santa Clara County",4408,4899,1454,1557
6085504307,"Santa Clara County",5107,5575,1583,1784
6085504308,"Santa Clara County",4158,4398,1362,1534
6085504311,"Santa Clara County",7126,7220,2347,2425
6085504314,"Santa Clara County",4851.892578125,4837,1311.46240234375,1351
6085504315,"Santa Clara County",6977.107421875,6719,1977.53759765625,2000
6085504316,"Santa Clara County",4868,5401,1319,1454
6085504317,"Santa Clara County",4717,4886,1224,1261
6085504318,"Santa Clara County",4312,5266,1463,1660
6085504319,"Santa Clara County",5516,7343,1417,2093
6085504320,"Santa Clara County",3083,2849,846,853
6085504321,"Santa Clara County",5334,5415,1556,1601
6085504322,"Santa Clara County",3739,5023,1386.54748535156,2167
6085504323,"Santa Clara County",5531.99951171875,6055,2051.45239257812,1927
6085504410,"Santa Clara County",4398,4670,1206,1241
6085504411,"Santa Clara County",5602,5526,1534,1571
6085504412,"Santa Clara County",4862,5217,1296,1398
6085504413,"Santa Clara County",1738,1779,701,740
6085504414,"Santa Clara County",5370,5790,1445,1604
6085504415,"Santa Clara County",5231,5593,1532,1618
6085504416,"Santa Clara County",3712,3655,1092,1157
6085504417,"Santa Clara County",316,410,86.6065216064453,129
6085504418,"Santa Clara County",5424,5377,1314,1405
6085504420,"Santa Clara County",4599,4667,1345,1484
6085504421,"Santa Clara County",4870,5004,1341,1437
6085504422,"Santa Clara County",4290.904296875,3923,1222.87866210938,1080
6085504423,"Santa Clara County",2322,2591,636.393493652344,691
6085504504,"Santa Clara County",5478,9423,787,2899
6085504505,"Santa Clara County",3796,7025,1027,2121
6085504506,"Santa Clara County",5090,6585,2004,2306
6085504507,"Santa Clara County",5767,6255,1600,1831
6085504601,"Santa Clara County",1416.3701171875,869,835.515197753906,353
6085504602,"Santa Clara County",2234,1957,527,730
6085504700,"Santa Clara County",600.629943847656,753,99.4848098754883,200
6085504802,"Santa Clara County",5199,5373,1817,1841
6085504803,"Santa Clara County",3799,6203,2009,2583
6085504805,"Santa Clara County",4905,6755,2369,2905
6085504806,"Santa Clara County",3067,2935,762,780
6085504901,"Santa Clara County",1551,10593,913,4260
6085505001,"Santa Clara County",7224,9814,2931,3766
6085505006,"Santa Clara County",3699,6631,1949,3696
6085505007,"Santa Clara County",4228,4311,979,983
6085505009,"Santa Clara County",5899,9290,2369.9736328125,3374
6085505100,"Santa Clara County",2138,3434,1067,1743
6085505202,"Santa Clara County",6061,6299,2148,2398
6085505203,"Santa Clara County",2982,5665,809,1514
6085505301,"Santa Clara County",4441,4433,1325,1494
6085505302,"Santa Clara County",4215,3808,1478,1490
6085505303,"Santa Clara County",6070,6193,2192,2258
6085505304,"Santa Clara County",3218,3492,1075,1122
6085505305,"Santa Clara County",5289,5791,2006,2140
6085505401,"Santa Clara County",5358,6482,2271,2734
6085505402,"Santa Clara County",2842,3177,1151,1151
6085505403,"Santa Clara County",6362,6723,2672,2759
6085505500,"Santa Clara County",3627,4233,1593,1665
6085505600,"Santa Clara County",3690,4256,1298,1349
6085505700,"Santa Clara County",5369,7011,2327,2461
6085505800,"Santa Clara County",3872,3854,1658,1609
6085505900,"Santa Clara County",6718,7274,3104,3326
6085506000,"Santa Clara County",4707,4589,2024,1899
6085506101,"Santa Clara County",4685,4653,1730,1783
6085506102,"Santa Clara County",3554,3677,1490,1614
6085506103,"Santa Clara County",4401,4962,1701,1705
6085506202,"Santa Clara County",6849,7224,2520,2558
6085506203,"Santa Clara County",5996,6677,2535,2581
6085506204,"Santa Clara County",5828,5806,2167,2186
6085506301,"Santa Clara County",5176,5572,2342,2472
6085506302,"Santa Clara County",5970,7051,2340,2567
6085506304,"Santa Clara County",4538,5847,2148,2266
6085506305,"Santa Clara County",7323,6812,2559,2674
6085506401,"Santa Clara County",3365,5221,1380,2381
6085506402,"Santa Clara County",5756,6136,2286,2369
6085506501,"Santa Clara County",7373,7787,2523,2678
6085506502,"Santa Clara County",3612,4212,1905,1996
6085506503,"Santa Clara County",5818,6339,2685,2725
6085506601,"Santa Clara County",4279,4840,1648,1778
6085506603,"Santa Clara County",4185,4158,1420,1416
6085506604,"Santa Clara County",7134,7236,2567,2655
6085506605,"Santa Clara County",4119,4126,1578,1586
6085506606,"Santa Clara County",4502,4473,1687,1679
6085506701,"Santa Clara County",3810,3664,1305,1315
6085506702,"Santa Clara County",5809,6099,2114,2085
6085506703,"Santa Clara County",3455,3645,1434,1432
6085506801,"Santa Clara County",5704,6021,2228,2265
6085506802,"Santa Clara County",5098,5760,1942,1935
6085506803,"Santa Clara County",6816.27294921875,7213,2452.97509765625,2473
6085506804,"Santa Clara County",3583,3570,1351,1334
6085506900,"Santa Clara County",7238,7713,2646,2726
6085507001,"Santa Clara County",6780,6801,3193,3309
6085507002,"Santa Clara County",2793,2918,1046,1072
6085507100,"Santa Clara County",2513,2811,1306,1390
6085507203,"Santa Clara County",2062,2980,875,1196
6085507205,"Santa Clara County",4405,4542,1904,1924
6085507206,"Santa Clara County",2910,2842,1032,1130
6085507301,"Santa Clara County",6399,6829,2286,2528
6085507302,"Santa Clara County",2649,3100,1012,1077
6085507401,"Santa Clara County",5599,5595,1928,1925
6085507402,"Santa Clara County",4035,4111,1532,1518
6085507500,"Santa Clara County",5846,5800,2027,2045
6085507600,"Santa Clara County",5773,5593,2047,2076
6085507701,"Santa Clara County",3670,3865,1311,1430
6085507702,"Santa Clara County",6252,6409,2068,2072
6085507703,"Santa Clara County",6959,8022,2577,2802
6085507805,"Santa Clara County",4525,5973,1870,2350
6085507806,"Santa Clara County",5396,5561,1976,2065
6085507807,"Santa Clara County",3041,3320,1028,1078
6085507808,"Santa Clara County",5238,5446,1749,1863
6085507903,"Santa Clara County",4809,4975,1627,1651
6085507904,"Santa Clara County",3375,3240,1113,1126
6085507905,"Santa Clara County",5448,6223,2180,2205
6085507906,"Santa Clara County",4437,4550,1438,1454
6085508001,"Santa Clara County",6320,7966,2490,2953
6085508003,"Santa Clara County",2131,2398,774.393798828125,786
6085508004,"Santa Clara County",6141,6938,2231.60620117188,2254
6085508101,"Santa Clara County",5882,6928,2295,2400
6085508102,"Santa Clara County",2684,3135,1150,1312
6085508202,"Santa Clara County",7381,7606,2856,2901
6085508203,"Santa Clara County",4797,5263,1837,1853
6085508204,"Santa Clara County",4025,4142,1536,1522
6085508301,"Santa Clara County",4298,4630,1559,1576
6085508303,"Santa Clara County",2504,2570,925,924
6085508304,"Santa Clara County",7672,8385,2964,3142
6085508401,"Santa Clara County",6352,6814,2554,2612
6085508403,"Santa Clara County",2638,3237,1005,1078
6085508404,"Santa Clara County",5111,6384,2007,2354
6085508503,"Santa Clara County",5837,6950,2823,2975
6085508504,"Santa Clara County",6773,8853,3192,3491
6085508505,"Santa Clara County",4437,4703,1901,1971
6085508507,"Santa Clara County",3007.13305664062,3171,1242.09301757812,1412
6085508508,"Santa Clara County",4962.8671875,5495,2049.90698242188,2063
6085508601,"Santa Clara County",3519,3821,1415,1416
6085508602,"Santa Clara County",3399,4737,1708,2089
6085508703,"Santa Clara County",6760,7812,2923,3311
6085508704,"Santa Clara County",4873,6513,2286,2821
6085508800,"Santa Clara County",3943,3783,1466,1515
6085508900,"Santa Clara County",5371,5175,1773,1788
6085509000,"Santa Clara County",7366,8637,2478,2651
6085509102,"Santa Clara County",4597,4851,2342,2353
6085509105,"Santa Clara County",5624,7207,2866,3238
6085509106,"Santa Clara County",4004,4289,1641,1768
6085509107,"Santa Clara County",5018,4868,2146,2064
6085509108,"Santa Clara County",4699,4438,1939,2038
6085509109,"Santa Clara County",3517,4603,1867,1952
6085509201,"Santa Clara County",4294,4780,2521,2631
6085509202,"Santa Clara County",4716,4635,1989,1904
6085509302,"Santa Clara County",2688,3192,1093,1222
6085509303,"Santa Clara County",3294,3444,1684,1923
6085509304,"Santa Clara County",2834,3373,1245,1411
6085509401,"Santa Clara County",3052,3738,1622,1853
6085509403,"Santa Clara County",4663,5009,2084,2136
6085509404,"Santa Clara County",5765,7091,2300,2716
6085509500,"Santa Clara County",5484,5371,2377,2366
6085509600,"Santa Clara County",2371,3403,1317,1648
6085509700,"Santa Clara County",3122,3065,1490,1452
6085509801,"Santa Clara County",4926,5679,2159,2271
6085509802,"Santa Clara County",2557,3021,1123,1152
6085509901,"Santa Clara County",2030,1879,733,707
6085509902,"Santa Clara County",4686,4833,1911,1873
6085510001,"Santa Clara County",5973,6198,2118,2097
6085510002,"Santa Clara County",3550,3840,1308,1326
6085510100,"Santa Clara County",2947,2970,1104,1114
6085510200,"Santa Clara County",4207,4346,1536,1505
6085510300,"Santa Clara County",3752,4278,1721,1792
6085510400,"Santa Clara County",2979,3289,1139,1236
6085510500,"Santa Clara County",4542,4996,1801,1992
6085510600,"Santa Clara County",5691,6564,2405,2461
6085510700,"Santa Clara County",4200,5133,1832,2091
6085510801,"Santa Clara County",4503,5797,1706,2320
6085510802,"Santa Clara County",2094,1864,888,720
6085510803,"Santa Clara County",2481,2402,1070,1057
6085510900,"Santa Clara County",4993,5563,2087,2099
6085511000,"Santa Clara County",6194,6813,2418,2501
6085511100,"Santa Clara County",5128,5571,1964,1934
6085511200,"Santa Clara County",4666,5058,1869,1813
6085511301,"Santa Clara County",3219,3888,1928.494140625,1867
6085511302,"Santa Clara County",4092,4157,2451.505859375,2422
6085511400,"Santa Clara County",3605,3573,1483,1400
6085511500,"Santa Clara County",6496,8111,3107,3197
6085511608,"Santa Clara County",6509,3129,967.372619628906,98
6085511701,"Santa Clara County",4048,4349,1443,1673
6085511702,"Santa Clara County",2637,2812,971,1010
6085511704,"Santa Clara County",4659.6318359375,4635,1767.05151367188,1880
6085511705,"Santa Clara County",977.069702148438,1113,370.530914306641,363
6085511707,"Santa Clara County",2498.4189453125,2771,947.464660644531,1326
6085511800,"Santa Clara County",3921,4711,1627,1728
6085511905,"Santa Clara County",2879,3182,1071,1063
6085511907,"Santa Clara County",3979,4061,1344,1344
6085511909,"Santa Clara County",7929,8033,2576,2734
6085511910,"Santa Clara County",3063,3235,1071,1051
6085511911,"Santa Clara County",4828,4957,1811,1931
6085511912,"Santa Clara County",5394,5367,1724,1748
6085511913,"Santa Clara County",4293,4343,1434,1449
6085511914,"Santa Clara County",5752,5754,1969,1946
6085511915,"Santa Clara County",3826,3678,1290.75659179688,1301
6085511916,"Santa Clara County",4939,4774,1666.24340820312,1696
6085512001,"Santa Clara County",5658,6720,1789,2105
6085512005,"Santa Clara County",6871,6683,2199,2217
6085512017,"Santa Clara County",7706,9119,1999,2249
6085512019,"Santa Clara County",4796,4904,1554,1563
6085512020,"Santa Clara County",5717,7378,2313,2713
6085512021,"Santa Clara County",6237,6161,2021.92810058594,2064
6085512022,"Santa Clara County",5012,5821,1866.07189941406,1930
6085512023,"Santa Clara County",5528,6159,1948,2069
6085512024,"Santa Clara County",3725,4740,1307,1747
6085512025,"Santa Clara County",3038.328125,3201,930.956298828125,1079
6085512026,"Santa Clara County",3938.671875,3986,1298.04370117188,1380
6085512027,"Santa Clara County",3880,4735,1539,1646
6085512029,"Santa Clara County",6871,7347,2312,2540
6085512030,"Santa Clara County",3168,3018,983,993
6085512031,"Santa Clara County",4489,4363,1399,1392
6085512032,"Santa Clara County",3485,3193,1037,1052
6085512033,"Santa Clara County",6220,6786,2053,2095
6085512034,"Santa Clara County",3122,3212,1042,1051
6085512035,"Santa Clara County",4287,4551,1378,1420
6085512036,"Santa Clara County",2225,5450,693.943664550781,1942
6085512037,"Santa Clara County",3261,3280,1017.05633544922,975
6085512038,"Santa Clara County",2662,3132,844.134216308594,1114
6085512039,"Santa Clara County",4938,4845,1565.86572265625,1417
6085512042,"Santa Clara County",2745,2809,718.578552246094,877
6085512043,"Santa Clara County",6404,6900,1676.42150878906,1622
6085512045,"Santa Clara County",5779,5805,1842,1868
6085512047,"Santa Clara County",5505,5465,1736,1742
6085512052,"Santa Clara County",3886,4701,1535.56323242188,1826
6085512053,"Santa Clara County",4531,4571,1790.43664550781,1601
6085512100,"Santa Clara County",1632,1495,456.740325927734,486
6085512200,"Santa Clara County",3142.98095703125,4531,1198.99267578125,1686
6085512305,"Santa Clara County",3328.01904296875,4412,1089.00732421875,1480
6085512307,"Santa Clara County",6257,6485,2190,2418
6085512308,"Santa Clara County",5727,8118,1849,2501
6085512309,"Santa Clara County",4778,5135,1595,1730
6085512310,"Santa Clara County",3248,4222,1090.35339355469,1476
6085512311,"Santa Clara County",2271,3557,762.37451171875,1242
6085512312,"Santa Clara County",2932,3135,984.272216796875,1093
6085512313,"Santa Clara County",3463,4034,1079.86022949219,1232
6085512314,"Santa Clara County",5744,6338,1791.13977050781,2165
6085512401,"Santa Clara County",4293,5078,1292,1494
6085512402,"Santa Clara County",4791,4988,1489,1590
6085512503,"Santa Clara County",6332,8568,2027,2765
6085512505,"Santa Clara County",5302,7880,1645,2212
6085512506,"Santa Clara County",5949,7229,1633,1933
6085512508,"Santa Clara County",7736,8515,2476,2706
6085512509,"Santa Clara County",3712,4227,1163.75964355469,1255
6085512510,"Santa Clara County",4310,6356,1351.24035644531,2427
6085512602,"Santa Clara County",3137.00317382812,2673,783.0009765625,932
6085512603,"Santa Clara County",4243,4421,1001.62463378906,1120
6085512604,"Santa Clara County",4530,4887,1069.37536621094,1211
6085513000,"Santa Clara County",4568,8254,2140,2455
6085513500,"Santa Clara County",970.002197265625,854,361.260589599609,461
6095250103,"Solano County",4796,4560,1598.66662597656,1721
6095250104,"Solano County",2641,2150,880.333312988281,883
6095250105,"Solano County",5016.05029296875,7164,1608.51354980469,2303
6095250106,"Solano County",2171.94970703125,5037,696.486389160156,1480
6095250200,"Solano County",3876,3987,1445,1567
6095250300,"Solano County",3367,3406,1222,1233
6095250400,"Solano County",3235,2573,1292,1324
6095250501,"Solano County",2194,2247,787,819
6095250502,"Solano County",3434,3156,1195,1174
6095250601,"Solano County",4916.130859375,5132,1536.38330078125,1645
6095250604,"Solano County",4140.966796875,3599,1403.66943359375,1611
6095250605,"Solano County",4607.90283203125,4230,1561.94738769531,1596
6095250701,"Solano County",3261,3457,1238,1259
6095250801,"Solano County",3251,3866,1346,1698
6095250900,"Solano County",3123,2468,1562,1537
6095251000,"Solano County",2803,2674,1289,1314
6095251100,"Solano County",3436,3105,1206,1213
6095251200,"Solano County",3186,3503,1165,1303
6095251300,"Solano County",3058.26245117188,2626,1265.28955078125,1303
6095251400,"Solano County",5438.94775390625,5203,2273.38037109375,2390
6095251500,"Solano County",3852,4253,1510,1579
6095251600,"Solano County",2986,2603,1236,1243
6095251701,"Solano County",4068,3657,1648,1599
6095251702,"Solano County",2073,2755,739,1067
6095251802,"Solano County",1537,2478,767,1344
6095251803,"Solano County",5242,4925,1465,1468
6095251804,"Solano County",4190,3511,1031,1034
6095251901,"Solano County",5784.78955078125,5353,1948.330078125,1947
6095251902,"Solano County",6381,6080,1716,1785
6095251903,"Solano County",5963,5756,1646,1723
6095252000,"Solano County",4166,4279,2105,2284
6095252102,"Solano County",4096,3773,1634,1680
6095252103,"Solano County",5367,5260,1902,2067
6095252104,"Solano County",4221,5717,1265,1851
6095252105,"Solano County",3635,3187,1331,1381
6095252106,"Solano County",4467,4456,1735,1775
6095252107,"Solano County",3736,3595,1450,1460
6095252108,"Solano County",3131,3277,1199,1352
6095252201,"Solano County",5204,9063,1884,3121
6095252202,"Solano County",6725,10604,2040,3228
6095252305,"Solano County",3256,5035,1147,1680
6095252306,"Solano County",3395,3404,1146,1252
6095252310,"Solano County",2663.76733398438,3226,943.262023925781,1299
6095252311,"Solano County",3426.2763671875,4404,1213.27270507812,1573
6095252312,"Solano County",3183.95678710938,3369,1127.46533203125,1455
6095252313,"Solano County",4163,5914,1514.41259765625,2332
6095252314,"Solano County",4114,3821,1496.58740234375,1481
6095252315,"Solano County",3617.94653320312,4426,1157.84692382812,1483
6095252316,"Solano County",3568,3698,1141.86254882812,1198
6095252317,"Solano County",2560.05346679688,7649,819.290649414062,2251
6095252401,"Solano County",4001,4516,1278,1412
6095252402,"Solano County",4938,5247,1695,1802
6095252501,"Solano County",2823,2837,1009,977
6095252502,"Solano County",2242,2376,654,663
6095252604,"Solano County",4012,3241,1336,1225
6095252605,"Solano County",5125,5850,1958,1984
6095252606,"Solano County",4591,5603,1625,1782
6095252607,"Solano County",3632,4355,1185,1200
6095252608,"Solano County",3983,4282,1384,1313
6095252610,"Solano County",3354,3004,1124.51611328125,1072
6095252611,"Solano County",3509.00024414062,3247,1176.48388671875,1175
6095252702,"Solano County",5779,6966,2007,2379
6095252703,"Solano County",4080,4025,1254,1242
6095252704,"Solano County",4780,4753,1457,1697
6095252705,"Solano County",6574,6259,1896,1805
6095252706,"Solano County",2286,3911,686,1193
6095252707,"Solano County",5051,5315,1815,1803
6095252801,"Solano County",6724.84033203125,3115,1662.65368652344,883
6095252802,"Solano County",2654.16333007812,1290,656.216979980469,300
6095252903,"Solano County",4206,4444,1520,1746
6095252904,"Solano County",3451,6143,1263,2420
6095252908,"Solano County",3822,3896,1344,1335
6095252909,"Solano County",3438,3014,1112,1106
6095252910,"Solano County",5829,6231,1863,2016
6095252911,"Solano County",4372.146484375,4926,1861.11962890625,2868
6095252912,"Solano County",4904.85400390625,5533,2087.88061523438,1960
6095252913,"Solano County",4934,5105,1599.55822753906,1767
6095252914,"Solano County",4349.30419921875,5532,1410.00512695312,1953
6095252915,"Solano County",2675.69604492188,4173,867.436584472656,1384
6095253101,"Solano County",5152,5491,2136,2112
6095253105,"Solano County",5692,5855,2231,2561
6095253106,"Solano County",3459,3464,1293,1337
6095253107,"Solano County",6140,6322,2321,2439
6095253108,"Solano County",9166.13671875,4661,1284.00830078125,1620
6095253201,"Solano County",4937,4908,1840,1846
6095253203,"Solano County",4137,3941,1539,1584
6095253204,"Solano County",6588.09814453125,7131,2101.14453125,2454
6095253205,"Solano County",3676.67895507812,3441,1172.60461425781,1070
6095253206,"Solano County",2001.22277832031,3051,638.250732421875,1026
6095253300,"Solano County",2834,3040,898,1021
6095253402,"Solano County",5561,7451,1776,2386
6095253403,"Solano County",4632.333984375,5161,1494.90356445312,1583
6095253404,"Solano County",6036.666015625,6775,1948.09643554688,2253
6095253500,"Solano County",5733,9516,2377,4972
6097150100,"Sonoma County",2670,2508,1132,1217
6097150202,"Sonoma County",5013,5067,2595,2831
6097150203,"Sonoma County",3703.00024414062,4981,1811.83996582031,2461
6097150204,"Sonoma County",3393,3841,1660.16015625,1891
6097150303,"Sonoma County",4456,4649,2375,2523
6097150304,"Sonoma County",5826,6101,2300,2494
6097150305,"Sonoma County",5194.99951171875,6214,1811.24035644531,1927
6097150306,"Sonoma County",4032,3999,1405.75964355469,1836
6097150500,"Sonoma County",6149,5191,2429,2644
6097150601,"Sonoma County",4028,4558,1392,1406
6097150602,"Sonoma County",4487,3966,1543,1552
6097150603,"Sonoma County",7414,6815,2412,2771
6097150607,"Sonoma County",4022.10961914062,5471,1455.33703613281,1823
6097150609,"Sonoma County",4373,4671,1582.30114746094,1966
6097150610,"Sonoma County",4165.89013671875,4043,1507.36181640625,1389
6097150611,"Sonoma County",3477,4544,1276.50744628906,1560
6097150612,"Sonoma County",3733,4343,1370.49255371094,1753
6097150701,"Sonoma County",4160,4817,1810,2088
6097150702,"Sonoma County",4370,5002,1661,1887
6097150800,"Sonoma County",4742,5399,1923,2101
6097150901,"Sonoma County",4599,4954,1869,2099
6097150902,"Sonoma County",3383,3282,1361,1459
6097151000,"Sonoma County",3593,3940,1406,1568
6097151100,"Sonoma County",5130,5634,1799,1996
6097151201,"Sonoma County",6106,7075,2546,3030
6097151203,"Sonoma County",4797.26171875,4672,1740.28112792969,1951
6097151204,"Sonoma County",3407.79736328125,3312,1446.48950195312,1416
6097151301,"Sonoma County",4526.94091796875,4715,1608.22924804688,1663
6097151305,"Sonoma County",5165,5887,2235,2394
6097151306,"Sonoma County",3873,3512,1638,1607
6097151307,"Sonoma County",5337,5728,1963,1994
6097151308,"Sonoma County",4695,4590,1967,2123
6097151309,"Sonoma County",4902,5249,1718,2053
6097151310,"Sonoma County",5120,5594,1484,1506
6097151311,"Sonoma County",6774,6500,2439,2387
6097151401,"Sonoma County",4617,7483,1260,2520
6097151402,"Sonoma County",7939,9313,3066,3519
6097151502,"Sonoma County",6719,7113,2876,3153
6097151503,"Sonoma County",3913,3435,1425,1449
6097151504,"Sonoma County",3705,3457,1378,1373
6097151601,"Sonoma County",2795.599609375,2840,1673.80407714844,1885
6097151602,"Sonoma County",3651.40063476562,3267,2186.19604492188,2071
6097151700,"Sonoma County",7108.9033203125,6573,3039.95874023438,3061
6097151800,"Sonoma County",4978,5195,2167,2194
6097151900,"Sonoma County",3282,3282,1391,1417
6097152000,"Sonoma County",2406,1836,941,1031
6097152100,"Sonoma County",3189,3195,1123,1070
6097152201,"Sonoma County",3941,3704,1774,1761
6097152202,"Sonoma County",6177,6220,2670,3038
6097152203,"Sonoma County",3568,3553,1907,1898
6097152300,"Sonoma County",4228,4355,1979,1905
6097152400,"Sonoma County",7141,10129,2834,4513
6097152501,"Sonoma County",3717.0966796875,4485,1362.04125976562,1747
6097152502,"Sonoma County",3723,3453,1545,1563
6097152600,"Sonoma County",7761,8121,3077,3468
6097152701,"Sonoma County",5478,5453,2154,2252
6097152702,"Sonoma County",4644,5910,1608,2122
6097152801,"Sonoma County",5598,5388,1985,2005
6097152802,"Sonoma County",6159,7122,2830,2847
6097152903,"Sonoma County",5144,5261,1467,1560
6097152904,"Sonoma County",4466,5356,1695,2009
6097152905,"Sonoma County",4181,4252,1593.00988769531,1615
6097152906,"Sonoma County",3845,6014,1464.99011230469,2188
6097153001,"Sonoma County",5007,7419,2065,2549
6097153002,"Sonoma County",6836,6473,2036,2071
6097153003,"Sonoma County",5414,5990,2060,2118
6097153005,"Sonoma County",6757,7302,2417,2532
6097153006,"Sonoma County",6656,7825,2565,2873
6097153102,"Sonoma County",5452,5687,1366,1518
6097153103,"Sonoma County",3955,4563,1177.31591796875,1460
6097153104,"Sonoma County",4141,4181,1232.68395996094,1220
6097153200,"Sonoma County",5014,8281,1501,2538
6097153300,"Sonoma County",6845,12652,2321,3920
6097153401,"Sonoma County",6228,6624,2650,2955
6097153403,"Sonoma County",4052,3731,1650,1719
6097153404,"Sonoma County",4428,4398,1788,1955
6097153501,"Sonoma County",4612,4639,1820,2056
6097153502,"Sonoma County",4060,4243,1644,1807
6097153600,"Sonoma County",5877,5665,2363,2566
6097153703,"Sonoma County",4080,3039,2721,2883
6097153704,"Sonoma County",4105,3742,2522,2591
6097153705,"Sonoma County",3643,3985,1750,1924
6097153706,"Sonoma County",4557,4430,2352,2488
6097153801,"Sonoma County",5743,10742,1762,3289
6097153804,"Sonoma County",3330,3175,1182.94555664062,1185
6097153806,"Sonoma County",3174.00024414062,3286,1127.52844238281,1298
6097153807,"Sonoma County",3813,3825,1354.52600097656,1473
6097153808,"Sonoma County",4219,4293,1498.80920410156,1627
6097153809,"Sonoma County",4206,4420,1494.19079589844,1609
6097153901,"Sonoma County",4411.9375,4867,2024.97143554688,2637
6097153902,"Sonoma County",4605.0625,4346,1535.02868652344,1838
6097153903,"Sonoma County",4117,4050,1649,1839
6097154000,"Sonoma County",3167,2744,1243,1465
6097154100,"Sonoma County",4438,3886,1787,1753
6097154201,"Sonoma County",4245.2109375,3897,1637.70764160156,1513
6097154202,"Sonoma County",4093.78857421875,5928,1579.29223632812,2489
6097154302,"Sonoma County",4221,3219,2401,2581
6097154303,"Sonoma County",1620.37976074219,1457,1432.91052246094,2198
6097154304,"Sonoma County",2597.6201171875,2183,2297.08959960938,1921
